reftrta,reftrtan,VISIT,VISITNUM,TRTA,TRTAN,PARAM,PARAMCD,comment,pval_interaction,lsmeans_difference,lowerci95,upperci95,covariatestructure
,,,,,,Anisocytes,ANISO,Did not converge or Unable to make Hessian positive definite,,,,,Compound Symmetry
,,,,,,Anisocytes,ANISO,Did not converge or Unable to make Hessian positive definite,,,,,First Order Autoregressive
,,,,,,Anisocytes,ANISO,Did not converge or Unable to make Hessian positive definite,,,,,Unstructured
,,,,,,Basophils (GI/L),BASO,Did not converge or Unable to make Hessian positive definite,,,,,Compound Symmetry
,,,,,,Basophils (GI/L),BASO,Did not converge or Unable to make Hessian positive definite,,,,,First Order Autoregressive
Placebo,0,UNSCHEDULED 1.1,1.1,Xanomeline Low Dose,54,Basophils (GI/L),BASO,,0.9889,-0.00014,-0.02012,0.01984,Toeplitz
Xanomeline High Dose,81,UNSCHEDULED 1.1,1.1,Xanomeline Low Dose,54,Basophils (GI/L),BASO,,0.4701,-0.00735,-0.02737,0.01267,Toeplitz
Placebo,0,UNSCHEDULED 1.1,1.1,Xanomeline High Dose,81,Basophils (GI/L),BASO,,0.4783,0.007211,-0.01279,0.02721,Toeplitz
Xanomeline High Dose,81,UNSCHEDULED 1.2,1.2,Xanomeline Low Dose,54,Basophils (GI/L),BASO,,0.8286,0.004551,-0.03682,0.04592,Toeplitz
Placebo,0,WEEK 2,4,Xanomeline Low Dose,54,Basophils (GI/L),BASO,,0.0289,0.006414,0.000666,0.01216,Toeplitz
Xanomeline High Dose,81,WEEK 2,4,Xanomeline Low Dose,54,Basophils (GI/L),BASO,,0.2474,0.003436,-0.00240,0.009275,Toeplitz
Placebo,0,WEEK 2,4,Xanomeline High Dose,81,Basophils (GI/L),BASO,,0.3089,0.002977,-0.00277,0.008730,Toeplitz
Placebo,0,UNSCHEDULED 4.1,4.1,Xanomeline Low Dose,54,Basophils (GI/L),BASO,,0.8790,-0.00379,-0.05272,0.04515,Toeplitz
Placebo,0,WEEK 4,5,Xanomeline Low Dose,54,Basophils (GI/L),BASO,,0.0146,0.007444,0.001480,0.01341,Toeplitz
Xanomeline High Dose,81,WEEK 4,5,Xanomeline Low Dose,54,Basophils (GI/L),BASO,,0.9926,0.000029,-0.00611,0.006172,Toeplitz
Placebo,0,WEEK 4,5,Xanomeline High Dose,81,Basophils (GI/L),BASO,,0.0151,0.007415,0.001449,0.01338,Toeplitz
Placebo,0,UNSCHEDULED 5.1,5.1,Xanomeline Low Dose,54,Basophils (GI/L),BASO,,0.4610,-0.01869,-0.06854,0.03117,Toeplitz
Placebo,0,WEEK 6,7,Xanomeline Low Dose,54,Basophils (GI/L),BASO,,0.1507,0.004614,-0.00169,0.01092,Toeplitz
Xanomeline High Dose,81,WEEK 6,7,Xanomeline Low Dose,54,Basophils (GI/L),BASO,,0.0950,-0.00555,-0.01208,0.000972,Toeplitz
Placebo,0,WEEK 6,7,Xanomeline High Dose,81,Basophils (GI/L),BASO,,0.0015,0.01017,0.003940,0.01640,Toeplitz
Xanomeline High Dose,81,UNSCHEDULED 7.1,7.1,Xanomeline Low Dose,54,Basophils (GI/L),BASO,,0.8023,-0.00547,-0.04843,0.03750,Toeplitz
Placebo,0,WEEK 8,8,Xanomeline Low Dose,54,Basophils (GI/L),BASO,,0.0146,0.008020,0.001596,0.01444,Toeplitz
Xanomeline High Dose,81,WEEK 8,8,Xanomeline Low Dose,54,Basophils (GI/L),BASO,,0.0575,-0.00660,-0.01340,0.000211,Toeplitz
Placebo,0,WEEK 8,8,Xanomeline High Dose,81,Basophils (GI/L),BASO,,<.0001,0.01462,0.008162,0.02107,Toeplitz
Placebo,0,UNSCHEDULED 8.2,8.2,Xanomeline Low Dose,54,Basophils (GI/L),BASO,,0.9514,-0.00133,-0.04437,0.04171,Toeplitz
Placebo,0,WEEK 12,9,Xanomeline Low Dose,54,Basophils (GI/L),BASO,,0.1475,0.005022,-0.00179,0.01183,Toeplitz
Xanomeline High Dose,81,WEEK 12,9,Xanomeline Low Dose,54,Basophils (GI/L),BASO,,0.0339,-0.00785,-0.01511,-0.00060,Toeplitz
Placebo,0,WEEK 12,9,Xanomeline High Dose,81,Basophils (GI/L),BASO,,0.0002,0.01288,0.006099,0.01965,Toeplitz
Placebo,0,UNSCHEDULED 9.2,9.2,Xanomeline High Dose,81,Basophils (GI/L),BASO,,0.8824,0.003142,-0.03865,0.04493,Toeplitz
Placebo,0,WEEK 16,10,Xanomeline Low Dose,54,Basophils (GI/L),BASO,,0.2763,0.003972,-0.00320,0.01114,Toeplitz
Xanomeline High Dose,81,WEEK 16,10,Xanomeline Low Dose,54,Basophils (GI/L),BASO,,0.2242,-0.00505,-0.01321,0.003112,Toeplitz
Placebo,0,WEEK 16,10,Xanomeline High Dose,81,Basophils (GI/L),BASO,,0.0162,0.009021,0.001682,0.01636,Toeplitz
Placebo,0,WEEK 20,11,Xanomeline Low Dose,54,Basophils (GI/L),BASO,,0.9229,-0.00039,-0.00832,0.007539,Toeplitz
Xanomeline High Dose,81,WEEK 20,11,Xanomeline Low Dose,54,Basophils (GI/L),BASO,,0.8958,-0.00061,-0.00971,0.008494,Toeplitz
Placebo,0,WEEK 20,11,Xanomeline High Dose,81,Basophils (GI/L),BASO,,0.9564,0.000216,-0.00754,0.007974,Toeplitz
Placebo,0,WEEK 24,12,Xanomeline Low Dose,54,Basophils (GI/L),BASO,,0.5044,0.002902,-0.00565,0.01145,Toeplitz
Xanomeline High Dose,81,WEEK 24,12,Xanomeline Low Dose,54,Basophils (GI/L),BASO,,0.7465,-0.00159,-0.01126,0.008081,Toeplitz
Placebo,0,WEEK 24,12,Xanomeline High Dose,81,Basophils (GI/L),BASO,,0.2743,0.004491,-0.00358,0.01256,Toeplitz
Placebo,0,UNSCHEDULED 12.1,12.1,Xanomeline Low Dose,54,Basophils (GI/L),BASO,,0.0487,-0.04719,-0.09411,-0.00027,Toeplitz
Placebo,0,WEEK 26,13,Xanomeline Low Dose,54,Basophils (GI/L),BASO,,0.7984,0.001122,-0.00753,0.009771,Toeplitz
Xanomeline High Dose,81,WEEK 26,13,Xanomeline Low Dose,54,Basophils (GI/L),BASO,,0.0819,-0.00886,-0.01886,0.001131,Toeplitz
Placebo,0,WEEK 26,13,Xanomeline High Dose,81,Basophils (GI/L),BASO,,0.0204,0.009985,0.001562,0.01841,Toeplitz
,,,,,,Basophils (GI/L),BASO,Did not converge or Unable to make Hessian positive definite,,,,,Unstructured
,,,,,,Eosinophils (GI/L),EOS,Did not converge or Unable to make Hessian positive definite,,,,,Compound Symmetry
,,,,,,Eosinophils (GI/L),EOS,Did not converge or Unable to make Hessian positive definite,,,,,First Order Autoregressive
,,,,,,Eosinophils (GI/L),EOS,Did not converge or Unable to make Hessian positive definite,,,,,Unstructured
,,,,,,Hematocrit,HCT,Did not converge or Unable to make Hessian positive definite,,,,,Compound Symmetry
,,,,,,Hematocrit,HCT,Did not converge or Unable to make Hessian positive definite,,,,,First Order Autoregressive
,,,,,,Hematocrit,HCT,Did not converge or Unable to make Hessian positive definite,,,,,Unstructured
,,,,,,Hemoglobin (mmol/L),HGB,Did not converge or Unable to make Hessian positive definite,,,,,Compound Symmetry
,,,,,,Hemoglobin (mmol/L),HGB,Did not converge or Unable to make Hessian positive definite,,,,,First Order Autoregressive
Placebo,0,UNSCHEDULED 1.1,1.1,Xanomeline Low Dose,54,Hemoglobin (mmol/L),HGB,,0.1200,0.2894,-0.07592,0.6546,Heterogeneous First Order Autoregressive
Xanomeline High Dose,81,UNSCHEDULED 1.1,1.1,Xanomeline Low Dose,54,Hemoglobin (mmol/L),HGB,,0.6402,0.08677,-0.2784,0.4519,Heterogeneous First Order Autoregressive
Placebo,0,UNSCHEDULED 1.1,1.1,Xanomeline High Dose,81,Hemoglobin (mmol/L),HGB,,0.2786,0.2026,-0.1649,0.5701,Heterogeneous First Order Autoregressive
Xanomeline High Dose,81,UNSCHEDULED 1.2,1.2,Xanomeline Low Dose,54,Hemoglobin (mmol/L),HGB,,<.0001,0.5544,0.2960,0.8129,Heterogeneous First Order Autoregressive
Placebo,0,WEEK 2,4,Xanomeline Low Dose,54,Hemoglobin (mmol/L),HGB,,0.9864,-0.00102,-0.1195,0.1175,Heterogeneous First Order Autoregressive
Xanomeline High Dose,81,WEEK 2,4,Xanomeline Low Dose,54,Hemoglobin (mmol/L),HGB,,0.8081,-0.01490,-0.1356,0.1058,Heterogeneous First Order Autoregressive
Placebo,0,WEEK 2,4,Xanomeline High Dose,81,Hemoglobin (mmol/L),HGB,,0.8185,0.01387,-0.1051,0.1328,Heterogeneous First Order Autoregressive
Placebo,0,UNSCHEDULED 4.1,4.1,Xanomeline Low Dose,54,Hemoglobin (mmol/L),HGB,,<.0001,0.6746,0.6429,0.7063,Heterogeneous First Order Autoregressive
Placebo,0,WEEK 4,5,Xanomeline Low Dose,54,Hemoglobin (mmol/L),HGB,,0.3490,-0.06020,-0.1866,0.06617,Heterogeneous First Order Autoregressive
Xanomeline High Dose,81,WEEK 4,5,Xanomeline Low Dose,54,Hemoglobin (mmol/L),HGB,,0.0562,-0.1268,-0.2570,0.003369,Heterogeneous First Order Autoregressive
Placebo,0,WEEK 4,5,Xanomeline High Dose,81,Hemoglobin (mmol/L),HGB,,0.3013,0.06660,-0.06004,0.1932,Heterogeneous First Order Autoregressive
Placebo,0,UNSCHEDULED 5.1,5.1,Xanomeline Low Dose,54,Hemoglobin (mmol/L),HGB,,<.0001,-1.2401,-1.2844,-1.1958,Heterogeneous First Order Autoregressive
Placebo,0,WEEK 6,7,Xanomeline Low Dose,54,Hemoglobin (mmol/L),HGB,,0.0610,-0.1224,-0.2506,0.005717,Heterogeneous First Order Autoregressive
Xanomeline High Dose,81,WEEK 6,7,Xanomeline Low Dose,54,Hemoglobin (mmol/L),HGB,,0.2434,-0.07864,-0.2111,0.05383,Heterogeneous First Order Autoregressive
Placebo,0,WEEK 6,7,Xanomeline High Dose,81,Hemoglobin (mmol/L),HGB,,0.4961,-0.04380,-0.1704,0.08277,Heterogeneous First Order Autoregressive
Xanomeline High Dose,81,UNSCHEDULED 7.1,7.1,Xanomeline Low Dose,54,Hemoglobin (mmol/L),HGB,,0.0134,0.4196,0.08789,0.7513,Heterogeneous First Order Autoregressive
Placebo,0,WEEK 8,8,Xanomeline Low Dose,54,Hemoglobin (mmol/L),HGB,,0.1097,-0.09902,-0.2205,0.02247,Heterogeneous First Order Autoregressive
Xanomeline High Dose,81,WEEK 8,8,Xanomeline Low Dose,54,Hemoglobin (mmol/L),HGB,,0.2450,-0.07630,-0.2053,0.05267,Heterogeneous First Order Autoregressive
Placebo,0,WEEK 8,8,Xanomeline High Dose,81,Hemoglobin (mmol/L),HGB,,0.7146,-0.02273,-0.1450,0.09958,Heterogeneous First Order Autoregressive
Placebo,0,UNSCHEDULED 8.2,8.2,Xanomeline Low Dose,54,Hemoglobin (mmol/L),HGB,,0.0008,-0.4068,-0.6428,-0.1709,Heterogeneous First Order Autoregressive
Placebo,0,WEEK 12,9,Xanomeline Low Dose,54,Hemoglobin (mmol/L),HGB,,0.5267,-0.04307,-0.1769,0.09077,Heterogeneous First Order Autoregressive
Xanomeline High Dose,81,WEEK 12,9,Xanomeline Low Dose,54,Hemoglobin (mmol/L),HGB,,0.1670,-0.1009,-0.2444,0.04251,Heterogeneous First Order Autoregressive
Placebo,0,WEEK 12,9,Xanomeline High Dose,81,Hemoglobin (mmol/L),HGB,,0.3959,0.05786,-0.07618,0.1919,Heterogeneous First Order Autoregressive
Placebo,0,UNSCHEDULED 9.2,9.2,Xanomeline High Dose,81,Hemoglobin (mmol/L),HGB,,0.2042,-0.2566,-0.6536,0.1404,Heterogeneous First Order Autoregressive
Placebo,0,WEEK 16,10,Xanomeline Low Dose,54,Hemoglobin (mmol/L),HGB,,0.0559,-0.1431,-0.2897,0.003603,Heterogeneous First Order Autoregressive
Xanomeline High Dose,81,WEEK 16,10,Xanomeline Low Dose,54,Hemoglobin (mmol/L),HGB,,0.9960,0.000432,-0.1671,0.1680,Heterogeneous First Order Autoregressive
Placebo,0,WEEK 16,10,Xanomeline High Dose,81,Hemoglobin (mmol/L),HGB,,0.0618,-0.1435,-0.2942,0.007170,Heterogeneous First Order Autoregressive
Placebo,0,WEEK 20,11,Xanomeline Low Dose,54,Hemoglobin (mmol/L),HGB,,0.2421,-0.1049,-0.2812,0.07134,Heterogeneous First Order Autoregressive
Xanomeline High Dose,81,WEEK 20,11,Xanomeline Low Dose,54,Hemoglobin (mmol/L),HGB,,0.8207,0.02342,-0.1799,0.2267,Heterogeneous First Order Autoregressive
Placebo,0,WEEK 20,11,Xanomeline High Dose,81,Hemoglobin (mmol/L),HGB,,0.1525,-0.1284,-0.3045,0.04780,Heterogeneous First Order Autoregressive
Placebo,0,WEEK 24,12,Xanomeline Low Dose,54,Hemoglobin (mmol/L),HGB,,0.8087,-0.01956,-0.1785,0.1394,Heterogeneous First Order Autoregressive
Xanomeline High Dose,81,WEEK 24,12,Xanomeline Low Dose,54,Hemoglobin (mmol/L),HGB,,0.6214,-0.04572,-0.2279,0.1364,Heterogeneous First Order Autoregressive
Placebo,0,WEEK 24,12,Xanomeline High Dose,81,Hemoglobin (mmol/L),HGB,,0.7378,0.02616,-0.1276,0.1799,Heterogeneous First Order Autoregressive
Placebo,0,UNSCHEDULED 12.1,12.1,Xanomeline Low Dose,54,Hemoglobin (mmol/L),HGB,,<.0001,-0.3248,-0.3337,-0.3159,Heterogeneous First Order Autoregressive
Placebo,0,WEEK 26,13,Xanomeline Low Dose,54,Hemoglobin (mmol/L),HGB,,0.0842,-0.1490,-0.3182,0.02025,Heterogeneous First Order Autoregressive
Xanomeline High Dose,81,WEEK 26,13,Xanomeline Low Dose,54,Hemoglobin (mmol/L),HGB,,0.4667,0.07283,-0.1240,0.2696,Heterogeneous First Order Autoregressive
Placebo,0,WEEK 26,13,Xanomeline High Dose,81,Hemoglobin (mmol/L),HGB,,0.0089,-0.2218,-0.3876,-0.05601,Heterogeneous First Order Autoregressive
Placebo,0,UNSCHEDULED 1.1,1.1,Xanomeline Low Dose,54,Hemoglobin (mmol/L),HGB,,0.0425,0.3911,0.01337,0.7688,Toeplitz
Xanomeline High Dose,81,UNSCHEDULED 1.1,1.1,Xanomeline Low Dose,54,Hemoglobin (mmol/L),HGB,,0.7553,0.06008,-0.3193,0.4395,Toeplitz
Placebo,0,UNSCHEDULED 1.1,1.1,Xanomeline High Dose,81,Hemoglobin (mmol/L),HGB,,0.0863,0.3310,-0.04754,0.7096,Toeplitz
Xanomeline High Dose,81,UNSCHEDULED 1.2,1.2,Xanomeline Low Dose,54,Hemoglobin (mmol/L),HGB,,0.3506,0.3629,-0.4015,1.1274,Toeplitz
Placebo,0,WEEK 2,4,Xanomeline Low Dose,54,Hemoglobin (mmol/L),HGB,,0.9771,-0.00161,-0.1117,0.1084,Toeplitz
Xanomeline High Dose,81,WEEK 2,4,Xanomeline Low Dose,54,Hemoglobin (mmol/L),HGB,,0.7880,-0.01533,-0.1275,0.09683,Toeplitz
Placebo,0,WEEK 2,4,Xanomeline High Dose,81,Hemoglobin (mmol/L),HGB,,0.8070,0.01372,-0.09683,0.1243,Toeplitz
Placebo,0,UNSCHEDULED 4.1,4.1,Xanomeline Low Dose,54,Hemoglobin (mmol/L),HGB,,0.0372,0.9516,0.05669,1.8466,Toeplitz
Placebo,0,WEEK 4,5,Xanomeline Low Dose,54,Hemoglobin (mmol/L),HGB,,0.3062,-0.05932,-0.1733,0.05464,Toeplitz
Xanomeline High Dose,81,WEEK 4,5,Xanomeline Low Dose,54,Hemoglobin (mmol/L),HGB,,0.0351,-0.1264,-0.2438,-0.00890,Toeplitz
Placebo,0,WEEK 4,5,Xanomeline High Dose,81,Hemoglobin (mmol/L),HGB,,0.2489,0.06704,-0.04722,0.1813,Toeplitz
Placebo,0,UNSCHEDULED 5.1,5.1,Xanomeline Low Dose,54,Hemoglobin (mmol/L),HGB,,0.1210,-0.7086,-1.6057,0.1885,Toeplitz
Placebo,0,WEEK 6,7,Xanomeline Low Dose,54,Hemoglobin (mmol/L),HGB,,0.0539,-0.1184,-0.2388,0.002018,Toeplitz
Xanomeline High Dose,81,WEEK 6,7,Xanomeline Low Dose,54,Hemoglobin (mmol/L),HGB,,0.2096,-0.07947,-0.2039,0.04498,Toeplitz
Placebo,0,WEEK 6,7,Xanomeline High Dose,81,Hemoglobin (mmol/L),HGB,,0.5194,-0.03893,-0.1578,0.07992,Toeplitz
Xanomeline High Dose,81,UNSCHEDULED 7.1,7.1,Xanomeline Low Dose,54,Hemoglobin (mmol/L),HGB,,0.3876,0.3384,-0.4318,1.1086,Toeplitz
Placebo,0,WEEK 8,8,Xanomeline Low Dose,54,Hemoglobin (mmol/L),HGB,,0.1173,-0.09819,-0.2213,0.02488,Toeplitz
Xanomeline High Dose,81,WEEK 8,8,Xanomeline Low Dose,54,Hemoglobin (mmol/L),HGB,,0.2421,-0.07778,-0.2084,0.05287,Toeplitz
Placebo,0,WEEK 8,8,Xanomeline High Dose,81,Hemoglobin (mmol/L),HGB,,0.7458,-0.02041,-0.1443,0.1035,Toeplitz
Placebo,0,UNSCHEDULED 8.2,8.2,Xanomeline Low Dose,54,Hemoglobin (mmol/L),HGB,,0.3103,-0.3987,-1.1711,0.3738,Toeplitz
Placebo,0,WEEK 12,9,Xanomeline Low Dose,54,Hemoglobin (mmol/L),HGB,,0.5286,-0.04174,-0.1721,0.08857,Toeplitz
Xanomeline High Dose,81,WEEK 12,9,Xanomeline Low Dose,54,Hemoglobin (mmol/L),HGB,,0.1424,-0.1042,-0.2438,0.03528,Toeplitz
Placebo,0,WEEK 12,9,Xanomeline High Dose,81,Hemoglobin (mmol/L),HGB,,0.3462,0.06250,-0.06794,0.1929,Toeplitz
Placebo,0,UNSCHEDULED 9.2,9.2,Xanomeline High Dose,81,Hemoglobin (mmol/L),HGB,,0.3842,-0.3272,-1.0665,0.4121,Toeplitz
Placebo,0,WEEK 16,10,Xanomeline Low Dose,54,Hemoglobin (mmol/L),HGB,,0.0523,-0.1365,-0.2745,0.001399,Toeplitz
Xanomeline High Dose,81,WEEK 16,10,Xanomeline Low Dose,54,Hemoglobin (mmol/L),HGB,,0.9816,-0.00185,-0.1596,0.1559,Toeplitz
Placebo,0,WEEK 16,10,Xanomeline High Dose,81,Hemoglobin (mmol/L),HGB,,0.0625,-0.1347,-0.2765,0.007096,Toeplitz
Placebo,0,WEEK 20,11,Xanomeline Low Dose,54,Hemoglobin (mmol/L),HGB,,0.2839,-0.08227,-0.2332,0.06863,Toeplitz
Xanomeline High Dose,81,WEEK 20,11,Xanomeline Low Dose,54,Hemoglobin (mmol/L),HGB,,0.5758,0.04941,-0.1243,0.2231,Toeplitz
Placebo,0,WEEK 20,11,Xanomeline High Dose,81,Hemoglobin (mmol/L),HGB,,0.0825,-0.1317,-0.2804,0.01707,Toeplitz
Placebo,0,WEEK 24,12,Xanomeline Low Dose,54,Hemoglobin (mmol/L),HGB,,0.9925,0.000784,-0.1622,0.1638,Toeplitz
Xanomeline High Dose,81,WEEK 24,12,Xanomeline Low Dose,54,Hemoglobin (mmol/L),HGB,,0.6511,-0.04264,-0.2281,0.1428,Toeplitz
Placebo,0,WEEK 24,12,Xanomeline High Dose,81,Hemoglobin (mmol/L),HGB,,0.5829,0.04342,-0.1121,0.1990,Toeplitz
Placebo,0,UNSCHEDULED 12.1,12.1,Xanomeline Low Dose,54,Hemoglobin (mmol/L),HGB,,0.9286,-0.03865,-0.8872,0.8099,Toeplitz
Placebo,0,WEEK 26,13,Xanomeline Low Dose,54,Hemoglobin (mmol/L),HGB,,0.1450,-0.1222,-0.2868,0.04242,Toeplitz
Xanomeline High Dose,81,WEEK 26,13,Xanomeline Low Dose,54,Hemoglobin (mmol/L),HGB,,0.3956,0.08237,-0.1083,0.2730,Toeplitz
Placebo,0,WEEK 26,13,Xanomeline High Dose,81,Hemoglobin (mmol/L),HGB,,0.0131,-0.2046,-0.3657,-0.04344,Toeplitz
,,,,,,Hemoglobin (mmol/L),HGB,Did not converge or Unable to make Hessian positive definite,,,,,Unstructured
,,,,,,Lymphocytes (GI/L),LYM,Did not converge or Unable to make Hessian positive definite,,,,,Compound Symmetry
,,,,,,Lymphocytes (GI/L),LYM,Did not converge or Unable to make Hessian positive definite,,,,,First Order Autoregressive
Placebo,0,UNSCHEDULED 1.1,1.1,Xanomeline Low Dose,54,Lymphocytes (GI/L),LYM,,0.2678,-0.1946,-0.5398,0.1505,Heterogeneous Compound Symmetry
Xanomeline High Dose,81,UNSCHEDULED 1.1,1.1,Xanomeline Low Dose,54,Lymphocytes (GI/L),LYM,,0.2612,-0.2004,-0.5509,0.1501,Heterogeneous Compound Symmetry
Placebo,0,UNSCHEDULED 1.1,1.1,Xanomeline High Dose,81,Lymphocytes (GI/L),LYM,,0.9739,0.005775,-0.3412,0.3527,Heterogeneous Compound Symmetry
Xanomeline High Dose,81,UNSCHEDULED 1.2,1.2,Xanomeline Low Dose,54,Lymphocytes (GI/L),LYM,,0.0037,0.5618,0.1847,0.9389,Heterogeneous Compound Symmetry
Placebo,0,WEEK 2,4,Xanomeline Low Dose,54,Lymphocytes (GI/L),LYM,,0.1313,0.1081,-0.03254,0.2487,Heterogeneous Compound Symmetry
Xanomeline High Dose,81,WEEK 2,4,Xanomeline Low Dose,54,Lymphocytes (GI/L),LYM,,0.3646,0.06577,-0.07687,0.2084,Heterogeneous Compound Symmetry
Placebo,0,WEEK 2,4,Xanomeline High Dose,81,Lymphocytes (GI/L),LYM,,0.5545,0.04230,-0.09849,0.1831,Heterogeneous Compound Symmetry
Placebo,0,UNSCHEDULED 4.1,4.1,Xanomeline Low Dose,54,Lymphocytes (GI/L),LYM,,<.0001,-0.9962,-1.0002,-0.9923,Heterogeneous Compound Symmetry
Placebo,0,WEEK 4,5,Xanomeline Low Dose,54,Lymphocytes (GI/L),LYM,,0.7963,0.01972,-0.1306,0.1701,Heterogeneous Compound Symmetry
Xanomeline High Dose,81,WEEK 4,5,Xanomeline Low Dose,54,Lymphocytes (GI/L),LYM,,0.1716,0.1074,-0.04688,0.2616,Heterogeneous Compound Symmetry
Placebo,0,WEEK 4,5,Xanomeline High Dose,81,Lymphocytes (GI/L),LYM,,0.2522,-0.08765,-0.2381,0.06278,Heterogeneous Compound Symmetry
Placebo,0,UNSCHEDULED 5.1,5.1,Xanomeline Low Dose,54,Lymphocytes (GI/L),LYM,,<.0001,1.1075,1.0957,1.1193,Heterogeneous Compound Symmetry
Placebo,0,WEEK 6,7,Xanomeline Low Dose,54,Lymphocytes (GI/L),LYM,,0.6586,0.03356,-0.1159,0.1830,Heterogeneous Compound Symmetry
Xanomeline High Dose,81,WEEK 6,7,Xanomeline Low Dose,54,Lymphocytes (GI/L),LYM,,0.1091,0.1255,-0.02824,0.2793,Heterogeneous Compound Symmetry
Placebo,0,WEEK 6,7,Xanomeline High Dose,81,Lymphocytes (GI/L),LYM,,0.2229,-0.09196,-0.2402,0.05628,Heterogeneous Compound Symmetry
Xanomeline High Dose,81,UNSCHEDULED 7.1,7.1,Xanomeline Low Dose,54,Lymphocytes (GI/L),LYM,,<.0001,1.1023,1.0960,1.1087,Heterogeneous Compound Symmetry
Placebo,0,WEEK 8,8,Xanomeline Low Dose,54,Lymphocytes (GI/L),LYM,,0.4365,0.06405,-0.09782,0.2259,Heterogeneous Compound Symmetry
Xanomeline High Dose,81,WEEK 8,8,Xanomeline Low Dose,54,Lymphocytes (GI/L),LYM,,0.0494,0.1696,0.000465,0.3388,Heterogeneous Compound Symmetry
Placebo,0,WEEK 8,8,Xanomeline High Dose,81,Lymphocytes (GI/L),LYM,,0.2015,-0.1056,-0.2680,0.05680,Heterogeneous Compound Symmetry
Placebo,0,UNSCHEDULED 8.2,8.2,Xanomeline Low Dose,54,Lymphocytes (GI/L),LYM,,0.1828,-0.4944,-1.2233,0.2346,Heterogeneous Compound Symmetry
Placebo,0,WEEK 12,9,Xanomeline Low Dose,54,Lymphocytes (GI/L),LYM,,0.7228,0.02693,-0.1224,0.1763,Heterogeneous Compound Symmetry
Xanomeline High Dose,81,WEEK 12,9,Xanomeline Low Dose,54,Lymphocytes (GI/L),LYM,,0.3833,0.06952,-0.08726,0.2263,Heterogeneous Compound Symmetry
Placebo,0,WEEK 12,9,Xanomeline High Dose,81,Lymphocytes (GI/L),LYM,,0.5738,-0.04259,-0.1915,0.1064,Heterogeneous Compound Symmetry
Placebo,0,UNSCHEDULED 9.2,9.2,Xanomeline High Dose,81,Lymphocytes (GI/L),LYM,,0.0793,0.4255,-0.05015,0.9012,Heterogeneous Compound Symmetry
Placebo,0,WEEK 16,10,Xanomeline Low Dose,54,Lymphocytes (GI/L),LYM,,0.9738,-0.00272,-0.1661,0.1606,Heterogeneous Compound Symmetry
Xanomeline High Dose,81,WEEK 16,10,Xanomeline Low Dose,54,Lymphocytes (GI/L),LYM,,0.8704,0.01490,-0.1649,0.1947,Heterogeneous Compound Symmetry
Placebo,0,WEEK 16,10,Xanomeline High Dose,81,Lymphocytes (GI/L),LYM,,0.8345,-0.01762,-0.1836,0.1484,Heterogeneous Compound Symmetry
Placebo,0,WEEK 20,11,Xanomeline Low Dose,54,Lymphocytes (GI/L),LYM,,0.8265,0.01835,-0.1464,0.1831,Heterogeneous Compound Symmetry
Xanomeline High Dose,81,WEEK 20,11,Xanomeline Low Dose,54,Lymphocytes (GI/L),LYM,,0.7399,0.03087,-0.1521,0.2139,Heterogeneous Compound Symmetry
Placebo,0,WEEK 20,11,Xanomeline High Dose,81,Lymphocytes (GI/L),LYM,,0.8795,-0.01252,-0.1751,0.1500,Heterogeneous Compound Symmetry
Placebo,0,WEEK 24,12,Xanomeline Low Dose,54,Lymphocytes (GI/L),LYM,,0.6144,0.04983,-0.1447,0.2444,Heterogeneous Compound Symmetry
Xanomeline High Dose,81,WEEK 24,12,Xanomeline Low Dose,54,Lymphocytes (GI/L),LYM,,0.2056,0.1381,-0.07624,0.3525,Heterogeneous Compound Symmetry
Placebo,0,WEEK 24,12,Xanomeline High Dose,81,Lymphocytes (GI/L),LYM,,0.3525,-0.08828,-0.2750,0.09841,Heterogeneous Compound Symmetry
Placebo,0,UNSCHEDULED 12.1,12.1,Xanomeline Low Dose,54,Lymphocytes (GI/L),LYM,,<.0001,-0.5525,-0.5587,-0.5462,Heterogeneous Compound Symmetry
Placebo,0,WEEK 26,13,Xanomeline Low Dose,54,Lymphocytes (GI/L),LYM,,0.3534,-0.08846,-0.2759,0.09895,Heterogeneous Compound Symmetry
Xanomeline High Dose,81,WEEK 26,13,Xanomeline Low Dose,54,Lymphocytes (GI/L),LYM,,0.2639,-0.1193,-0.3291,0.09054,Heterogeneous Compound Symmetry
Placebo,0,WEEK 26,13,Xanomeline High Dose,81,Lymphocytes (GI/L),LYM,,0.7418,0.03083,-0.1533,0.2149,Heterogeneous Compound Symmetry
Placebo,0,UNSCHEDULED 1.1,1.1,Xanomeline Low Dose,54,Lymphocytes (GI/L),LYM,,0.5751,-0.1002,-0.4519,0.2515,Heterogeneous First Order Autoregressive
Xanomeline High Dose,81,UNSCHEDULED 1.1,1.1,Xanomeline Low Dose,54,Lymphocytes (GI/L),LYM,,0.3847,-0.1553,-0.5066,0.1960,Heterogeneous First Order Autoregressive
Placebo,0,UNSCHEDULED 1.1,1.1,Xanomeline High Dose,81,Lymphocytes (GI/L),LYM,,0.7592,0.05508,-0.2985,0.4087,Heterogeneous First Order Autoregressive
Xanomeline High Dose,81,UNSCHEDULED 1.2,1.2,Xanomeline Low Dose,54,Lymphocytes (GI/L),LYM,,0.0281,0.3959,0.04287,0.7489,Heterogeneous First Order Autoregressive
Placebo,0,WEEK 2,4,Xanomeline Low Dose,54,Lymphocytes (GI/L),LYM,,0.0361,0.1255,0.008176,0.2427,Heterogeneous First Order Autoregressive
Xanomeline High Dose,81,WEEK 2,4,Xanomeline Low Dose,54,Lymphocytes (GI/L),LYM,,0.9431,-0.00432,-0.1235,0.1148,Heterogeneous First Order Autoregressive
Placebo,0,WEEK 2,4,Xanomeline High Dose,81,Lymphocytes (GI/L),LYM,,0.0305,0.1298,0.01231,0.2473,Heterogeneous First Order Autoregressive
Placebo,0,UNSCHEDULED 4.1,4.1,Xanomeline Low Dose,54,Lymphocytes (GI/L),LYM,,<.0001,-1.1748,-1.3386,-1.0110,Heterogeneous First Order Autoregressive
Placebo,0,WEEK 4,5,Xanomeline Low Dose,54,Lymphocytes (GI/L),LYM,,0.7550,0.02114,-0.1121,0.1544,Heterogeneous First Order Autoregressive
Xanomeline High Dose,81,WEEK 4,5,Xanomeline Low Dose,54,Lymphocytes (GI/L),LYM,,0.6309,0.03349,-0.1036,0.1706,Heterogeneous First Order Autoregressive
Placebo,0,WEEK 4,5,Xanomeline High Dose,81,Lymphocytes (GI/L),LYM,,0.8554,-0.01235,-0.1457,0.1210,Heterogeneous First Order Autoregressive
Placebo,0,UNSCHEDULED 5.1,5.1,Xanomeline Low Dose,54,Lymphocytes (GI/L),LYM,,<.0001,-0.4739,-0.6618,-0.2860,Heterogeneous First Order Autoregressive
Placebo,0,WEEK 6,7,Xanomeline Low Dose,54,Lymphocytes (GI/L),LYM,,0.3924,0.06017,-0.07818,0.1985,Heterogeneous First Order Autoregressive
Xanomeline High Dose,81,WEEK 6,7,Xanomeline Low Dose,54,Lymphocytes (GI/L),LYM,,0.2261,0.08828,-0.05501,0.2316,Heterogeneous First Order Autoregressive
Placebo,0,WEEK 6,7,Xanomeline High Dose,81,Lymphocytes (GI/L),LYM,,0.6862,-0.02810,-0.1650,0.1088,Heterogeneous First Order Autoregressive
Xanomeline High Dose,81,UNSCHEDULED 7.1,7.1,Xanomeline Low Dose,54,Lymphocytes (GI/L),LYM,,0.0007,0.2219,0.09434,0.3494,Heterogeneous First Order Autoregressive
Placebo,0,WEEK 8,8,Xanomeline Low Dose,54,Lymphocytes (GI/L),LYM,,0.2103,0.08743,-0.04968,0.2246,Heterogeneous First Order Autoregressive
Xanomeline High Dose,81,WEEK 8,8,Xanomeline Low Dose,54,Lymphocytes (GI/L),LYM,,0.0950,0.1236,-0.02167,0.2688,Heterogeneous First Order Autoregressive
Placebo,0,WEEK 8,8,Xanomeline High Dose,81,Lymphocytes (GI/L),LYM,,0.6056,-0.03613,-0.1738,0.1015,Heterogeneous First Order Autoregressive
Placebo,0,UNSCHEDULED 8.2,8.2,Xanomeline Low Dose,54,Lymphocytes (GI/L),LYM,,0.0017,0.1976,0.07523,0.3201,Heterogeneous First Order Autoregressive
Placebo,0,WEEK 12,9,Xanomeline Low Dose,54,Lymphocytes (GI/L),LYM,,0.4482,0.05415,-0.08626,0.1946,Heterogeneous First Order Autoregressive
Xanomeline High Dose,81,WEEK 12,9,Xanomeline Low Dose,54,Lymphocytes (GI/L),LYM,,0.7036,0.02901,-0.1210,0.1790,Heterogeneous First Order Autoregressive
Placebo,0,WEEK 12,9,Xanomeline High Dose,81,Lymphocytes (GI/L),LYM,,0.7241,0.02514,-0.1150,0.1652,Heterogeneous First Order Autoregressive
Placebo,0,UNSCHEDULED 9.2,9.2,Xanomeline High Dose,81,Lymphocytes (GI/L),LYM,,0.0115,0.6223,0.1412,1.1034,Heterogeneous First Order Autoregressive
Placebo,0,WEEK 16,10,Xanomeline Low Dose,54,Lymphocytes (GI/L),LYM,,0.8720,-0.01323,-0.1749,0.1484,Heterogeneous First Order Autoregressive
Xanomeline High Dose,81,WEEK 16,10,Xanomeline Low Dose,54,Lymphocytes (GI/L),LYM,,0.4183,-0.07564,-0.2594,0.1082,Heterogeneous First Order Autoregressive
Placebo,0,WEEK 16,10,Xanomeline High Dose,81,Lymphocytes (GI/L),LYM,,0.4579,0.06241,-0.1030,0.2278,Heterogeneous First Order Autoregressive
Placebo,0,WEEK 20,11,Xanomeline Low Dose,54,Lymphocytes (GI/L),LYM,,0.8699,-0.01693,-0.2203,0.1865,Heterogeneous First Order Autoregressive
Xanomeline High Dose,81,WEEK 20,11,Xanomeline Low Dose,54,Lymphocytes (GI/L),LYM,,0.5635,-0.06864,-0.3024,0.1651,Heterogeneous First Order Autoregressive
Placebo,0,WEEK 20,11,Xanomeline High Dose,81,Lymphocytes (GI/L),LYM,,0.6158,0.05171,-0.1511,0.2545,Heterogeneous First Order Autoregressive
Placebo,0,WEEK 24,12,Xanomeline Low Dose,54,Lymphocytes (GI/L),LYM,,0.8149,0.02618,-0.1938,0.2461,Heterogeneous First Order Autoregressive
Xanomeline High Dose,81,WEEK 24,12,Xanomeline Low Dose,54,Lymphocytes (GI/L),LYM,,0.6734,0.05378,-0.1973,0.3048,Heterogeneous First Order Autoregressive
Placebo,0,WEEK 24,12,Xanomeline High Dose,81,Lymphocytes (GI/L),LYM,,0.7976,-0.02760,-0.2394,0.1842,Heterogeneous First Order Autoregressive
Placebo,0,UNSCHEDULED 12.1,12.1,Xanomeline Low Dose,54,Lymphocytes (GI/L),LYM,,0.0299,0.1857,0.01820,0.3532,Heterogeneous First Order Autoregressive
Placebo,0,WEEK 26,13,Xanomeline Low Dose,54,Lymphocytes (GI/L),LYM,,0.1945,-0.1352,-0.3399,0.06949,Heterogeneous First Order Autoregressive
Xanomeline High Dose,81,WEEK 26,13,Xanomeline Low Dose,54,Lymphocytes (GI/L),LYM,,0.0540,-0.2332,-0.4703,0.004003,Heterogeneous First Order Autoregressive
Placebo,0,WEEK 26,13,Xanomeline High Dose,81,Lymphocytes (GI/L),LYM,,0.3340,0.09796,-0.1014,0.2973,Heterogeneous First Order Autoregressive
Placebo,0,UNSCHEDULED 1.1,1.1,Xanomeline Low Dose,54,Lymphocytes (GI/L),LYM,,0.4191,-0.09619,-0.3303,0.1379,Toeplitz
Xanomeline High Dose,81,UNSCHEDULED 1.1,1.1,Xanomeline Low Dose,54,Lymphocytes (GI/L),LYM,,0.2348,-0.1588,-0.4215,0.1038,Toeplitz
Placebo,0,UNSCHEDULED 1.1,1.1,Xanomeline High Dose,81,Lymphocytes (GI/L),LYM,,0.6172,0.06265,-0.1840,0.3093,Toeplitz
Xanomeline High Dose,81,UNSCHEDULED 1.2,1.2,Xanomeline Low Dose,54,Lymphocytes (GI/L),LYM,,0.2363,0.4682,-0.3086,1.2450,Toeplitz
Placebo,0,WEEK 2,4,Xanomeline Low Dose,54,Lymphocytes (GI/L),LYM,,0.0172,0.1301,0.02329,0.2369,Toeplitz
Xanomeline High Dose,81,WEEK 2,4,Xanomeline Low Dose,54,Lymphocytes (GI/L),LYM,,0.8103,0.01324,-0.09530,0.1218,Toeplitz
Placebo,0,WEEK 2,4,Xanomeline High Dose,81,Lymphocytes (GI/L),LYM,,0.0324,0.1169,0.009901,0.2238,Toeplitz
Placebo,0,UNSCHEDULED 4.1,4.1,Xanomeline Low Dose,54,Lymphocytes (GI/L),LYM,,0.0032,-1.2739,-2.1160,-0.4319,Toeplitz
Placebo,0,WEEK 4,5,Xanomeline Low Dose,54,Lymphocytes (GI/L),LYM,,0.6076,0.02897,-0.08203,0.1400,Toeplitz
Xanomeline High Dose,81,WEEK 4,5,Xanomeline Low Dose,54,Lymphocytes (GI/L),LYM,,0.3719,0.05195,-0.06245,0.1664,Toeplitz
Placebo,0,WEEK 4,5,Xanomeline High Dose,81,Lymphocytes (GI/L),LYM,,0.6838,-0.02298,-0.1340,0.08806,Toeplitz
Placebo,0,UNSCHEDULED 5.1,5.1,Xanomeline Low Dose,54,Lymphocytes (GI/L),LYM,,0.8784,-0.07092,-0.9831,0.8412,Toeplitz
Placebo,0,WEEK 6,7,Xanomeline Low Dose,54,Lymphocytes (GI/L),LYM,,0.3156,0.05993,-0.05746,0.1773,Toeplitz
Xanomeline High Dose,81,WEEK 6,7,Xanomeline Low Dose,54,Lymphocytes (GI/L),LYM,,0.1604,0.08692,-0.03469,0.2085,Toeplitz
Placebo,0,WEEK 6,7,Xanomeline High Dose,81,Lymphocytes (GI/L),LYM,,0.6469,-0.02700,-0.1429,0.08896,Toeplitz
Xanomeline High Dose,81,UNSCHEDULED 7.1,7.1,Xanomeline Low Dose,54,Lymphocytes (GI/L),LYM,,0.5338,0.2475,-0.5349,1.0299,Toeplitz
Placebo,0,WEEK 8,8,Xanomeline Low Dose,54,Lymphocytes (GI/L),LYM,,0.1887,0.07996,-0.03953,0.1995,Toeplitz
Xanomeline High Dose,81,WEEK 8,8,Xanomeline Low Dose,54,Lymphocytes (GI/L),LYM,,0.0678,0.1180,-0.00871,0.2448,Toeplitz
Placebo,0,WEEK 8,8,Xanomeline High Dose,81,Lymphocytes (GI/L),LYM,,0.5331,-0.03806,-0.1582,0.08204,Toeplitz
Placebo,0,UNSCHEDULED 8.2,8.2,Xanomeline Low Dose,54,Lymphocytes (GI/L),LYM,,0.5798,-0.2213,-1.0078,0.5652,Toeplitz
Placebo,0,WEEK 12,9,Xanomeline Low Dose,54,Lymphocytes (GI/L),LYM,,0.5495,0.03855,-0.08818,0.1653,Toeplitz
Xanomeline High Dose,81,WEEK 12,9,Xanomeline Low Dose,54,Lymphocytes (GI/L),LYM,,0.7318,0.02356,-0.1117,0.1588,Toeplitz
Placebo,0,WEEK 12,9,Xanomeline High Dose,81,Lymphocytes (GI/L),LYM,,0.8151,0.01500,-0.1112,0.1412,Toeplitz
Placebo,0,UNSCHEDULED 9.2,9.2,Xanomeline High Dose,81,Lymphocytes (GI/L),LYM,,0.1758,0.5318,-0.2396,1.3031,Toeplitz
Placebo,0,WEEK 16,10,Xanomeline Low Dose,54,Lymphocytes (GI/L),LYM,,0.9056,-0.00805,-0.1418,0.1257,Toeplitz
Xanomeline High Dose,81,WEEK 16,10,Xanomeline Low Dose,54,Lymphocytes (GI/L),LYM,,0.4292,-0.06133,-0.2139,0.09121,Toeplitz
Placebo,0,WEEK 16,10,Xanomeline High Dose,81,Lymphocytes (GI/L),LYM,,0.4443,0.05327,-0.08369,0.1902,Toeplitz
Placebo,0,WEEK 20,11,Xanomeline Low Dose,54,Lymphocytes (GI/L),LYM,,0.9045,0.009025,-0.1390,0.1570,Toeplitz
Xanomeline High Dose,81,WEEK 20,11,Xanomeline Low Dose,54,Lymphocytes (GI/L),LYM,,0.6003,-0.04531,-0.2154,0.1248,Toeplitz
Placebo,0,WEEK 20,11,Xanomeline High Dose,81,Lymphocytes (GI/L),LYM,,0.4610,0.05434,-0.09064,0.1993,Toeplitz
Placebo,0,WEEK 24,12,Xanomeline Low Dose,54,Lymphocytes (GI/L),LYM,,0.5919,0.04349,-0.1161,0.2031,Toeplitz
Xanomeline High Dose,81,WEEK 24,12,Xanomeline Low Dose,54,Lymphocytes (GI/L),LYM,,0.4687,0.06657,-0.1141,0.2473,Toeplitz
Placebo,0,WEEK 24,12,Xanomeline High Dose,81,Lymphocytes (GI/L),LYM,,0.7630,-0.02308,-0.1737,0.1275,Toeplitz
Placebo,0,UNSCHEDULED 12.1,12.1,Xanomeline Low Dose,54,Lymphocytes (GI/L),LYM,,0.3528,0.4164,-0.4647,1.2975,Toeplitz
Placebo,0,WEEK 26,13,Xanomeline Low Dose,54,Lymphocytes (GI/L),LYM,,0.2401,-0.09312,-0.2489,0.06263,Toeplitz
Xanomeline High Dose,81,WEEK 26,13,Xanomeline Low Dose,54,Lymphocytes (GI/L),LYM,,0.0314,-0.1967,-0.3756,-0.01773,Toeplitz
Placebo,0,WEEK 26,13,Xanomeline High Dose,81,Lymphocytes (GI/L),LYM,,0.1818,0.1036,-0.04877,0.2559,Toeplitz
,,,,,,Lymphocytes (GI/L),LYM,Did not converge or Unable to make Hessian positive definite,,,,,Unstructured
,,,,,,Macrocytes,MACROCY,Did not converge or Unable to make Hessian positive definite,,,,,Compound Symmetry
,,,,,,Macrocytes,MACROCY,Did not converge or Unable to make Hessian positive definite,,,,,First Order Autoregressive
,,,,,,Macrocytes,MACROCY,Did not converge or Unable to make Hessian positive definite,,,,,Unstructured
,,,,,,Ery. Mean Corpuscular Hemoglobin (fmol(Fe)),MCH,Did not converge or Unable to make Hessian positive definite,,,,,Compound Symmetry
,,,,,,Ery. Mean Corpuscular Hemoglobin (fmol(Fe)),MCH,Did not converge or Unable to make Hessian positive definite,,,,,First Order Autoregressive
Placebo,0,UNSCHEDULED 1.1,1.1,Xanomeline Low Dose,54,Ery. Mean Corpuscular Hemoglobin (fmol(Fe)),MCH,,0.0164,0.06281,0.01159,0.1140,Heterogeneous Compound Symmetry
Xanomeline High Dose,81,UNSCHEDULED 1.1,1.1,Xanomeline Low Dose,54,Ery. Mean Corpuscular Hemoglobin (fmol(Fe)),MCH,,0.1283,0.04002,-0.01164,0.09168,Heterogeneous Compound Symmetry
Placebo,0,UNSCHEDULED 1.1,1.1,Xanomeline High Dose,81,Ery. Mean Corpuscular Hemoglobin (fmol(Fe)),MCH,,0.3827,0.02279,-0.02855,0.07414,Heterogeneous Compound Symmetry
Xanomeline High Dose,81,UNSCHEDULED 1.2,1.2,Xanomeline Low Dose,54,Ery. Mean Corpuscular Hemoglobin (fmol(Fe)),MCH,,0.0205,0.07023,0.01091,0.1296,Heterogeneous Compound Symmetry
Placebo,0,WEEK 2,4,Xanomeline Low Dose,54,Ery. Mean Corpuscular Hemoglobin (fmol(Fe)),MCH,,0.0288,0.02050,0.002141,0.03885,Heterogeneous Compound Symmetry
Xanomeline High Dose,81,WEEK 2,4,Xanomeline Low Dose,54,Ery. Mean Corpuscular Hemoglobin (fmol(Fe)),MCH,,0.1051,0.01539,-0.00324,0.03402,Heterogeneous Compound Symmetry
Placebo,0,WEEK 2,4,Xanomeline High Dose,81,Ery. Mean Corpuscular Hemoglobin (fmol(Fe)),MCH,,0.5843,0.005108,-0.01326,0.02348,Heterogeneous Compound Symmetry
Placebo,0,UNSCHEDULED 4.1,4.1,Xanomeline Low Dose,54,Ery. Mean Corpuscular Hemoglobin (fmol(Fe)),MCH,,<.0001,-0.02466,-0.03026,-0.01906,Heterogeneous Compound Symmetry
Placebo,0,WEEK 4,5,Xanomeline Low Dose,54,Ery. Mean Corpuscular Hemoglobin (fmol(Fe)),MCH,,0.0502,0.01738,-0.00002,0.03478,Heterogeneous Compound Symmetry
Xanomeline High Dose,81,WEEK 4,5,Xanomeline Low Dose,54,Ery. Mean Corpuscular Hemoglobin (fmol(Fe)),MCH,,0.1172,0.01429,-0.00361,0.03219,Heterogeneous Compound Symmetry
Placebo,0,WEEK 4,5,Xanomeline High Dose,81,Ery. Mean Corpuscular Hemoglobin (fmol(Fe)),MCH,,0.7263,0.003096,-0.01431,0.02050,Heterogeneous Compound Symmetry
Placebo,0,UNSCHEDULED 5.1,5.1,Xanomeline Low Dose,54,Ery. Mean Corpuscular Hemoglobin (fmol(Fe)),MCH,,<.0001,-0.09889,-0.1073,-0.09051,Heterogeneous Compound Symmetry
Placebo,0,WEEK 6,7,Xanomeline Low Dose,54,Ery. Mean Corpuscular Hemoglobin (fmol(Fe)),MCH,,0.5668,-0.00554,-0.02456,0.01348,Heterogeneous Compound Symmetry
Xanomeline High Dose,81,WEEK 6,7,Xanomeline Low Dose,54,Ery. Mean Corpuscular Hemoglobin (fmol(Fe)),MCH,,0.3032,0.01025,-0.00932,0.02983,Heterogeneous Compound Symmetry
Placebo,0,WEEK 6,7,Xanomeline High Dose,81,Ery. Mean Corpuscular Hemoglobin (fmol(Fe)),MCH,,0.0986,-0.01579,-0.03455,0.002969,Heterogeneous Compound Symmetry
Xanomeline High Dose,81,UNSCHEDULED 7.1,7.1,Xanomeline Low Dose,54,Ery. Mean Corpuscular Hemoglobin (fmol(Fe)),MCH,,0.0839,0.06532,-0.00882,0.1395,Heterogeneous Compound Symmetry
Placebo,0,WEEK 8,8,Xanomeline Low Dose,54,Ery. Mean Corpuscular Hemoglobin (fmol(Fe)),MCH,,0.1457,0.01354,-0.00473,0.03181,Heterogeneous Compound Symmetry
Xanomeline High Dose,81,WEEK 8,8,Xanomeline Low Dose,54,Ery. Mean Corpuscular Hemoglobin (fmol(Fe)),MCH,,0.2274,0.01182,-0.00742,0.03106,Heterogeneous Compound Symmetry
Placebo,0,WEEK 8,8,Xanomeline High Dose,81,Ery. Mean Corpuscular Hemoglobin (fmol(Fe)),MCH,,0.8536,0.001720,-0.01662,0.02006,Heterogeneous Compound Symmetry
Placebo,0,UNSCHEDULED 8.2,8.2,Xanomeline Low Dose,54,Ery. Mean Corpuscular Hemoglobin (fmol(Fe)),MCH,,0.4454,-0.02909,-0.1041,0.04587,Heterogeneous Compound Symmetry
Placebo,0,WEEK 12,9,Xanomeline Low Dose,54,Ery. Mean Corpuscular Hemoglobin (fmol(Fe)),MCH,,0.1330,0.01422,-0.00436,0.03280,Heterogeneous Compound Symmetry
Xanomeline High Dose,81,WEEK 12,9,Xanomeline Low Dose,54,Ery. Mean Corpuscular Hemoglobin (fmol(Fe)),MCH,,0.3717,0.008933,-0.01073,0.02859,Heterogeneous Compound Symmetry
Placebo,0,WEEK 12,9,Xanomeline High Dose,81,Ery. Mean Corpuscular Hemoglobin (fmol(Fe)),MCH,,0.5743,0.005287,-0.01323,0.02380,Heterogeneous Compound Symmetry
Placebo,0,UNSCHEDULED 9.2,9.2,Xanomeline High Dose,81,Ery. Mean Corpuscular Hemoglobin (fmol(Fe)),MCH,,0.7384,0.01062,-0.05195,0.07319,Heterogeneous Compound Symmetry
Placebo,0,WEEK 16,10,Xanomeline Low Dose,54,Ery. Mean Corpuscular Hemoglobin (fmol(Fe)),MCH,,0.4543,0.007566,-0.01232,0.02745,Heterogeneous Compound Symmetry
Xanomeline High Dose,81,WEEK 16,10,Xanomeline Low Dose,54,Ery. Mean Corpuscular Hemoglobin (fmol(Fe)),MCH,,0.6746,0.004751,-0.01751,0.02702,Heterogeneous Compound Symmetry
Placebo,0,WEEK 16,10,Xanomeline High Dose,81,Ery. Mean Corpuscular Hemoglobin (fmol(Fe)),MCH,,0.7848,0.002815,-0.01747,0.02310,Heterogeneous Compound Symmetry
Placebo,0,WEEK 20,11,Xanomeline Low Dose,54,Ery. Mean Corpuscular Hemoglobin (fmol(Fe)),MCH,,0.1201,0.01570,-0.00413,0.03553,Heterogeneous Compound Symmetry
Xanomeline High Dose,81,WEEK 20,11,Xanomeline Low Dose,54,Ery. Mean Corpuscular Hemoglobin (fmol(Fe)),MCH,,0.2213,0.01394,-0.00845,0.03633,Heterogeneous Compound Symmetry
Placebo,0,WEEK 20,11,Xanomeline High Dose,81,Ery. Mean Corpuscular Hemoglobin (fmol(Fe)),MCH,,0.8589,0.001762,-0.01774,0.02127,Heterogeneous Compound Symmetry
Placebo,0,WEEK 24,12,Xanomeline Low Dose,54,Ery. Mean Corpuscular Hemoglobin (fmol(Fe)),MCH,,0.4386,0.009439,-0.01453,0.03341,Heterogeneous Compound Symmetry
Xanomeline High Dose,81,WEEK 24,12,Xanomeline Low Dose,54,Ery. Mean Corpuscular Hemoglobin (fmol(Fe)),MCH,,0.9507,-0.00084,-0.02759,0.02591,Heterogeneous Compound Symmetry
Placebo,0,WEEK 24,12,Xanomeline High Dose,81,Ery. Mean Corpuscular Hemoglobin (fmol(Fe)),MCH,,0.3754,0.01028,-0.01253,0.03309,Heterogeneous Compound Symmetry
Placebo,0,UNSCHEDULED 12.1,12.1,Xanomeline Low Dose,54,Ery. Mean Corpuscular Hemoglobin (fmol(Fe)),MCH,,0.9277,0.000643,-0.01330,0.01459,Heterogeneous Compound Symmetry
Placebo,0,WEEK 26,13,Xanomeline Low Dose,54,Ery. Mean Corpuscular Hemoglobin (fmol(Fe)),MCH,,0.3985,0.01028,-0.01366,0.03421,Heterogeneous Compound Symmetry
Xanomeline High Dose,81,WEEK 26,13,Xanomeline Low Dose,54,Ery. Mean Corpuscular Hemoglobin (fmol(Fe)),MCH,,0.3106,0.01404,-0.01318,0.04125,Heterogeneous Compound Symmetry
Placebo,0,WEEK 26,13,Xanomeline High Dose,81,Ery. Mean Corpuscular Hemoglobin (fmol(Fe)),MCH,,0.7521,-0.00376,-0.02719,0.01967,Heterogeneous Compound Symmetry
Placebo,0,UNSCHEDULED 1.1,1.1,Xanomeline Low Dose,54,Ery. Mean Corpuscular Hemoglobin (fmol(Fe)),MCH,,0.0679,0.08300,-0.00614,0.1721,Heterogeneous First Order Autoregressive
Xanomeline High Dose,81,UNSCHEDULED 1.1,1.1,Xanomeline Low Dose,54,Ery. Mean Corpuscular Hemoglobin (fmol(Fe)),MCH,,0.2055,0.05753,-0.03175,0.1468,Heterogeneous First Order Autoregressive
Placebo,0,UNSCHEDULED 1.1,1.1,Xanomeline High Dose,81,Ery. Mean Corpuscular Hemoglobin (fmol(Fe)),MCH,,0.5723,0.02547,-0.06326,0.1142,Heterogeneous First Order Autoregressive
Xanomeline High Dose,81,UNSCHEDULED 1.2,1.2,Xanomeline Low Dose,54,Ery. Mean Corpuscular Hemoglobin (fmol(Fe)),MCH,,<.0001,0.05708,0.04821,0.06595,Heterogeneous First Order Autoregressive
Placebo,0,WEEK 2,4,Xanomeline Low Dose,54,Ery. Mean Corpuscular Hemoglobin (fmol(Fe)),MCH,,0.0533,0.02019,-0.00029,0.04066,Heterogeneous First Order Autoregressive
Xanomeline High Dose,81,WEEK 2,4,Xanomeline Low Dose,54,Ery. Mean Corpuscular Hemoglobin (fmol(Fe)),MCH,,0.1738,0.01440,-0.00639,0.03519,Heterogeneous First Order Autoregressive
Placebo,0,WEEK 2,4,Xanomeline High Dose,81,Ery. Mean Corpuscular Hemoglobin (fmol(Fe)),MCH,,0.5785,0.005789,-0.01471,0.02628,Heterogeneous First Order Autoregressive
Placebo,0,UNSCHEDULED 4.1,4.1,Xanomeline Low Dose,54,Ery. Mean Corpuscular Hemoglobin (fmol(Fe)),MCH,,<.0001,-0.02737,-0.03809,-0.01664,Heterogeneous First Order Autoregressive
Placebo,0,WEEK 4,5,Xanomeline Low Dose,54,Ery. Mean Corpuscular Hemoglobin (fmol(Fe)),MCH,,0.0871,0.01677,-0.00246,0.03600,Heterogeneous First Order Autoregressive
Xanomeline High Dose,81,WEEK 4,5,Xanomeline Low Dose,54,Ery. Mean Corpuscular Hemoglobin (fmol(Fe)),MCH,,0.1876,0.01325,-0.00650,0.03300,Heterogeneous First Order Autoregressive
Placebo,0,WEEK 4,5,Xanomeline High Dose,81,Ery. Mean Corpuscular Hemoglobin (fmol(Fe)),MCH,,0.7186,0.003523,-0.01571,0.02276,Heterogeneous First Order Autoregressive
Placebo,0,UNSCHEDULED 5.1,5.1,Xanomeline Low Dose,54,Ery. Mean Corpuscular Hemoglobin (fmol(Fe)),MCH,,<.0001,-0.1012,-0.1136,-0.08890,Heterogeneous First Order Autoregressive
Placebo,0,WEEK 6,7,Xanomeline Low Dose,54,Ery. Mean Corpuscular Hemoglobin (fmol(Fe)),MCH,,0.6065,-0.00550,-0.02652,0.01551,Heterogeneous First Order Autoregressive
Xanomeline High Dose,81,WEEK 6,7,Xanomeline Low Dose,54,Ery. Mean Corpuscular Hemoglobin (fmol(Fe)),MCH,,0.3833,0.009612,-0.01207,0.03129,Heterogeneous First Order Autoregressive
Placebo,0,WEEK 6,7,Xanomeline High Dose,81,Ery. Mean Corpuscular Hemoglobin (fmol(Fe)),MCH,,0.1528,-0.01511,-0.03587,0.005642,Heterogeneous First Order Autoregressive
Xanomeline High Dose,81,UNSCHEDULED 7.1,7.1,Xanomeline Low Dose,54,Ery. Mean Corpuscular Hemoglobin (fmol(Fe)),MCH,,0.5847,0.03518,-0.09146,0.1618,Heterogeneous First Order Autoregressive
Placebo,0,WEEK 8,8,Xanomeline Low Dose,54,Ery. Mean Corpuscular Hemoglobin (fmol(Fe)),MCH,,0.1797,0.01424,-0.00661,0.03509,Heterogeneous First Order Autoregressive
Xanomeline High Dose,81,WEEK 8,8,Xanomeline Low Dose,54,Ery. Mean Corpuscular Hemoglobin (fmol(Fe)),MCH,,0.2729,0.01228,-0.00973,0.03430,Heterogeneous First Order Autoregressive
Placebo,0,WEEK 8,8,Xanomeline High Dose,81,Ery. Mean Corpuscular Hemoglobin (fmol(Fe)),MCH,,0.8537,0.001957,-0.01893,0.02285,Heterogeneous First Order Autoregressive
Placebo,0,UNSCHEDULED 8.2,8.2,Xanomeline Low Dose,54,Ery. Mean Corpuscular Hemoglobin (fmol(Fe)),MCH,,0.2093,-0.09929,-0.2547,0.05607,Heterogeneous First Order Autoregressive
Placebo,0,WEEK 12,9,Xanomeline Low Dose,54,Ery. Mean Corpuscular Hemoglobin (fmol(Fe)),MCH,,0.2219,0.01351,-0.00822,0.03525,Heterogeneous First Order Autoregressive
Xanomeline High Dose,81,WEEK 12,9,Xanomeline Low Dose,54,Ery. Mean Corpuscular Hemoglobin (fmol(Fe)),MCH,,0.3569,0.01088,-0.01233,0.03409,Heterogeneous First Order Autoregressive
Placebo,0,WEEK 12,9,Xanomeline High Dose,81,Ery. Mean Corpuscular Hemoglobin (fmol(Fe)),MCH,,0.8113,0.002636,-0.01909,0.02436,Heterogeneous First Order Autoregressive
Placebo,0,UNSCHEDULED 9.2,9.2,Xanomeline High Dose,81,Ery. Mean Corpuscular Hemoglobin (fmol(Fe)),MCH,,0.6034,-0.02674,-0.1280,0.07452,Heterogeneous First Order Autoregressive
Placebo,0,WEEK 16,10,Xanomeline Low Dose,54,Ery. Mean Corpuscular Hemoglobin (fmol(Fe)),MCH,,0.5693,0.007515,-0.01846,0.03349,Heterogeneous First Order Autoregressive
Xanomeline High Dose,81,WEEK 16,10,Xanomeline Low Dose,54,Ery. Mean Corpuscular Hemoglobin (fmol(Fe)),MCH,,0.7939,0.003895,-0.02545,0.03324,Heterogeneous First Order Autoregressive
Placebo,0,WEEK 16,10,Xanomeline High Dose,81,Ery. Mean Corpuscular Hemoglobin (fmol(Fe)),MCH,,0.7884,0.003620,-0.02292,0.03016,Heterogeneous First Order Autoregressive
Placebo,0,WEEK 20,11,Xanomeline Low Dose,54,Ery. Mean Corpuscular Hemoglobin (fmol(Fe)),MCH,,0.1761,0.01827,-0.00826,0.04480,Heterogeneous First Order Autoregressive
Xanomeline High Dose,81,WEEK 20,11,Xanomeline Low Dose,54,Ery. Mean Corpuscular Hemoglobin (fmol(Fe)),MCH,,0.3654,0.01397,-0.01638,0.04433,Heterogeneous First Order Autoregressive
Placebo,0,WEEK 20,11,Xanomeline High Dose,81,Ery. Mean Corpuscular Hemoglobin (fmol(Fe)),MCH,,0.7503,0.004298,-0.02228,0.03087,Heterogeneous First Order Autoregressive
Placebo,0,WEEK 24,12,Xanomeline Low Dose,54,Ery. Mean Corpuscular Hemoglobin (fmol(Fe)),MCH,,0.5245,0.01030,-0.02154,0.04215,Heterogeneous First Order Autoregressive
Xanomeline High Dose,81,WEEK 24,12,Xanomeline Low Dose,54,Ery. Mean Corpuscular Hemoglobin (fmol(Fe)),MCH,,0.9864,-0.00031,-0.03664,0.03601,Heterogeneous First Order Autoregressive
Placebo,0,WEEK 24,12,Xanomeline High Dose,81,Ery. Mean Corpuscular Hemoglobin (fmol(Fe)),MCH,,0.5000,0.01062,-0.02034,0.04158,Heterogeneous First Order Autoregressive
Placebo,0,UNSCHEDULED 12.1,12.1,Xanomeline Low Dose,54,Ery. Mean Corpuscular Hemoglobin (fmol(Fe)),MCH,,0.9289,0.000743,-0.01564,0.01713,Heterogeneous First Order Autoregressive
Placebo,0,WEEK 26,13,Xanomeline Low Dose,54,Ery. Mean Corpuscular Hemoglobin (fmol(Fe)),MCH,,0.8440,0.003060,-0.02755,0.03367,Heterogeneous First Order Autoregressive
Xanomeline High Dose,81,WEEK 26,13,Xanomeline Low Dose,54,Ery. Mean Corpuscular Hemoglobin (fmol(Fe)),MCH,,0.5420,0.01098,-0.02444,0.04640,Heterogeneous First Order Autoregressive
Placebo,0,WEEK 26,13,Xanomeline High Dose,81,Ery. Mean Corpuscular Hemoglobin (fmol(Fe)),MCH,,0.6024,-0.00792,-0.03783,0.02199,Heterogeneous First Order Autoregressive
,,,,,,Ery. Mean Corpuscular Hemoglobin (fmol(Fe)),MCH,Did not converge or Unable to make Hessian positive definite,,,,,Unstructured
,,,,,,Ery. Mean Corpuscular HGB Concentration (mmol/L),MCHC,Did not converge or Unable to make Hessian positive definite,,,,,Compound Symmetry
,,,,,,Ery. Mean Corpuscular HGB Concentration (mmol/L),MCHC,Did not converge or Unable to make Hessian positive definite,,,,,First Order Autoregressive
,,,,,,Ery. Mean Corpuscular HGB Concentration (mmol/L),MCHC,Did not converge or Unable to make Hessian positive definite,,,,,Unstructured
,,,,,,Ery. Mean Corpuscular Volume (fL),MCV,Did not converge or Unable to make Hessian positive definite,,,,,Compound Symmetry
,,,,,,Ery. Mean Corpuscular Volume (fL),MCV,Did not converge or Unable to make Hessian positive definite,,,,,First Order Autoregressive
Placebo,0,UNSCHEDULED 1.1,1.1,Xanomeline Low Dose,54,Ery. Mean Corpuscular Volume (fL),MCV,,0.0184,2.5341,0.4320,4.6362,Heterogeneous Compound Symmetry
Xanomeline High Dose,81,UNSCHEDULED 1.1,1.1,Xanomeline Low Dose,54,Ery. Mean Corpuscular Volume (fL),MCV,,0.2490,1.2363,-0.8713,3.3439,Heterogeneous Compound Symmetry
Placebo,0,UNSCHEDULED 1.1,1.1,Xanomeline High Dose,81,Ery. Mean Corpuscular Volume (fL),MCV,,0.2029,1.2978,-0.7047,3.3003,Heterogeneous Compound Symmetry
Xanomeline High Dose,81,UNSCHEDULED 1.2,1.2,Xanomeline Low Dose,54,Ery. Mean Corpuscular Volume (fL),MCV,,0.0234,-2.4558,-4.5757,-0.3358,Heterogeneous Compound Symmetry
Placebo,0,WEEK 2,4,Xanomeline Low Dose,54,Ery. Mean Corpuscular Volume (fL),MCV,,0.1914,-0.6407,-1.6041,0.3227,Heterogeneous Compound Symmetry
Xanomeline High Dose,81,WEEK 2,4,Xanomeline Low Dose,54,Ery. Mean Corpuscular Volume (fL),MCV,,0.6753,0.2088,-0.7718,1.1893,Heterogeneous Compound Symmetry
Placebo,0,WEEK 2,4,Xanomeline High Dose,81,Ery. Mean Corpuscular Volume (fL),MCV,,0.0839,-0.8495,-1.8136,0.1147,Heterogeneous Compound Symmetry
Placebo,0,UNSCHEDULED 4.1,4.1,Xanomeline Low Dose,54,Ery. Mean Corpuscular Volume (fL),MCV,,<.0001,-1.0942,-1.1369,-1.0515,Heterogeneous Compound Symmetry
Placebo,0,WEEK 4,5,Xanomeline Low Dose,54,Ery. Mean Corpuscular Volume (fL),MCV,,0.1193,-0.7443,-1.6822,0.1936,Heterogeneous Compound Symmetry
Xanomeline High Dose,81,WEEK 4,5,Xanomeline Low Dose,54,Ery. Mean Corpuscular Volume (fL),MCV,,0.1006,0.8081,-0.1577,1.7739,Heterogeneous Compound Symmetry
Placebo,0,WEEK 4,5,Xanomeline High Dose,81,Ery. Mean Corpuscular Volume (fL),MCV,,0.0013,-1.5524,-2.4915,-0.6133,Heterogeneous Compound Symmetry
Placebo,0,UNSCHEDULED 5.1,5.1,Xanomeline Low Dose,54,Ery. Mean Corpuscular Volume (fL),MCV,,<.0001,-7.9963,-8.0332,-7.9595,Heterogeneous Compound Symmetry
Placebo,0,WEEK 6,7,Xanomeline Low Dose,54,Ery. Mean Corpuscular Volume (fL),MCV,,0.7416,-0.1859,-1.2955,0.9236,Heterogeneous Compound Symmetry
Xanomeline High Dose,81,WEEK 6,7,Xanomeline Low Dose,54,Ery. Mean Corpuscular Volume (fL),MCV,,0.7634,0.1743,-0.9652,1.3138,Heterogeneous Compound Symmetry
Placebo,0,WEEK 6,7,Xanomeline High Dose,81,Ery. Mean Corpuscular Volume (fL),MCV,,0.5148,-0.3602,-1.4480,0.7276,Heterogeneous Compound Symmetry
Xanomeline High Dose,81,UNSCHEDULED 7.1,7.1,Xanomeline Low Dose,54,Ery. Mean Corpuscular Volume (fL),MCV,,0.5571,-1.1298,-4.9152,2.6556,Heterogeneous Compound Symmetry
Placebo,0,WEEK 8,8,Xanomeline Low Dose,54,Ery. Mean Corpuscular Volume (fL),MCV,,0.3757,-0.4310,-1.3876,0.5257,Heterogeneous Compound Symmetry
Xanomeline High Dose,81,WEEK 8,8,Xanomeline Low Dose,54,Ery. Mean Corpuscular Volume (fL),MCV,,0.5035,0.3413,-0.6623,1.3449,Heterogeneous Compound Symmetry
Placebo,0,WEEK 8,8,Xanomeline High Dose,81,Ery. Mean Corpuscular Volume (fL),MCV,,0.1105,-0.7723,-1.7220,0.1775,Heterogeneous Compound Symmetry
Placebo,0,UNSCHEDULED 8.2,8.2,Xanomeline Low Dose,54,Ery. Mean Corpuscular Volume (fL),MCV,,0.0031,-4.5727,-7.5844,-1.5611,Heterogeneous Compound Symmetry
Placebo,0,WEEK 12,9,Xanomeline Low Dose,54,Ery. Mean Corpuscular Volume (fL),MCV,,0.5350,-0.3496,-1.4579,0.7588,Heterogeneous Compound Symmetry
Xanomeline High Dose,81,WEEK 12,9,Xanomeline Low Dose,54,Ery. Mean Corpuscular Volume (fL),MCV,,0.9407,0.04415,-1.1243,1.2126,Heterogeneous Compound Symmetry
Placebo,0,WEEK 12,9,Xanomeline High Dose,81,Ery. Mean Corpuscular Volume (fL),MCV,,0.4811,-0.3937,-1.4930,0.7056,Heterogeneous Compound Symmetry
Placebo,0,UNSCHEDULED 9.2,9.2,Xanomeline High Dose,81,Ery. Mean Corpuscular Volume (fL),MCV,,0.8457,-0.00400,-0.04446,0.03646,Heterogeneous Compound Symmetry
Placebo,0,WEEK 16,10,Xanomeline Low Dose,54,Ery. Mean Corpuscular Volume (fL),MCV,,0.9548,0.03659,-1.2335,1.3067,Heterogeneous Compound Symmetry
Xanomeline High Dose,81,WEEK 16,10,Xanomeline Low Dose,54,Ery. Mean Corpuscular Volume (fL),MCV,,0.2914,0.7621,-0.6578,2.1820,Heterogeneous Compound Symmetry
Placebo,0,WEEK 16,10,Xanomeline High Dose,81,Ery. Mean Corpuscular Volume (fL),MCV,,0.2706,-0.7255,-2.0200,0.5689,Heterogeneous Compound Symmetry
Placebo,0,WEEK 20,11,Xanomeline Low Dose,54,Ery. Mean Corpuscular Volume (fL),MCV,,0.2147,0.8242,-0.4811,2.1294,Heterogeneous Compound Symmetry
Xanomeline High Dose,81,WEEK 20,11,Xanomeline Low Dose,54,Ery. Mean Corpuscular Volume (fL),MCV,,0.2359,0.8860,-0.5828,2.3548,Heterogeneous Compound Symmetry
Placebo,0,WEEK 20,11,Xanomeline High Dose,81,Ery. Mean Corpuscular Volume (fL),MCV,,0.9245,-0.06183,-1.3452,1.2215,Heterogeneous Compound Symmetry
Placebo,0,WEEK 24,12,Xanomeline Low Dose,54,Ery. Mean Corpuscular Volume (fL),MCV,,0.2324,-0.8392,-2.2201,0.5417,Heterogeneous Compound Symmetry
Xanomeline High Dose,81,WEEK 24,12,Xanomeline Low Dose,54,Ery. Mean Corpuscular Volume (fL),MCV,,0.7681,-0.2307,-1.7701,1.3087,Heterogeneous Compound Symmetry
Placebo,0,WEEK 24,12,Xanomeline High Dose,81,Ery. Mean Corpuscular Volume (fL),MCV,,0.3625,-0.6085,-1.9225,0.7055,Heterogeneous Compound Symmetry
Placebo,0,UNSCHEDULED 12.1,12.1,Xanomeline Low Dose,54,Ery. Mean Corpuscular Volume (fL),MCV,,<.0001,-6.2665,-6.3043,-6.2286,Heterogeneous Compound Symmetry
Placebo,0,WEEK 26,13,Xanomeline Low Dose,54,Ery. Mean Corpuscular Volume (fL),MCV,,0.1074,1.2430,-0.2721,2.7580,Heterogeneous Compound Symmetry
Xanomeline High Dose,81,WEEK 26,13,Xanomeline Low Dose,54,Ery. Mean Corpuscular Volume (fL),MCV,,0.0787,1.5389,-0.1780,3.2557,Heterogeneous Compound Symmetry
Placebo,0,WEEK 26,13,Xanomeline High Dose,81,Ery. Mean Corpuscular Volume (fL),MCV,,0.6946,-0.2959,-1.7788,1.1870,Heterogeneous Compound Symmetry
,,,,,,Ery. Mean Corpuscular Volume (fL),MCV,Did not converge or Unable to make Hessian positive definite,,,,,Unstructured
,,,,,,Microcytes,MICROCY,Did not converge or Unable to make Hessian positive definite,,,,,Compound Symmetry
,,,,,,Microcytes,MICROCY,Did not converge or Unable to make Hessian positive definite,,,,,First Order Autoregressive
,,,,,,Microcytes,MICROCY,Did not converge or Unable to make Hessian positive definite,,,,,Unstructured
,,,,,,Monocytes (GI/L),MONO,Did not converge or Unable to make Hessian positive definite,,,,,Compound Symmetry
,,,,,,Monocytes (GI/L),MONO,Did not converge or Unable to make Hessian positive definite,,,,,First Order Autoregressive
Placebo,0,UNSCHEDULED 1.1,1.1,Xanomeline Low Dose,54,Monocytes (GI/L),MONO,,0.4581,-0.04009,-0.1463,0.06617,Heterogeneous Compound Symmetry
Xanomeline High Dose,81,UNSCHEDULED 1.1,1.1,Xanomeline Low Dose,54,Monocytes (GI/L),MONO,,0.8774,0.008410,-0.09883,0.1156,Heterogeneous Compound Symmetry
Placebo,0,UNSCHEDULED 1.1,1.1,Xanomeline High Dose,81,Monocytes (GI/L),MONO,,0.3710,-0.04850,-0.1551,0.05809,Heterogeneous Compound Symmetry
Xanomeline High Dose,81,UNSCHEDULED 1.2,1.2,Xanomeline Low Dose,54,Monocytes (GI/L),MONO,,<.0001,0.1635,0.1472,0.1797,Heterogeneous Compound Symmetry
Placebo,0,WEEK 2,4,Xanomeline Low Dose,54,Monocytes (GI/L),MONO,,0.0968,0.03179,-0.00577,0.06935,Heterogeneous Compound Symmetry
Xanomeline High Dose,81,WEEK 2,4,Xanomeline Low Dose,54,Monocytes (GI/L),MONO,,0.4532,0.01454,-0.02359,0.05267,Heterogeneous Compound Symmetry
Placebo,0,WEEK 2,4,Xanomeline High Dose,81,Monocytes (GI/L),MONO,,0.3668,0.01725,-0.02033,0.05482,Heterogeneous Compound Symmetry
Placebo,0,UNSCHEDULED 4.1,4.1,Xanomeline Low Dose,54,Monocytes (GI/L),MONO,,<.0001,-0.1448,-0.1689,-0.1206,Heterogeneous Compound Symmetry
Placebo,0,WEEK 4,5,Xanomeline Low Dose,54,Monocytes (GI/L),MONO,,0.3128,0.01910,-0.01810,0.05630,Heterogeneous Compound Symmetry
Xanomeline High Dose,81,WEEK 4,5,Xanomeline Low Dose,54,Monocytes (GI/L),MONO,,0.5653,0.01118,-0.02708,0.04945,Heterogeneous Compound Symmetry
Placebo,0,WEEK 4,5,Xanomeline High Dose,81,Monocytes (GI/L),MONO,,0.6752,0.007917,-0.02926,0.04509,Heterogeneous Compound Symmetry
Placebo,0,UNSCHEDULED 5.1,5.1,Xanomeline Low Dose,54,Monocytes (GI/L),MONO,,0.0897,0.02134,-0.00333,0.04602,Heterogeneous Compound Symmetry
Placebo,0,WEEK 6,7,Xanomeline Low Dose,54,Monocytes (GI/L),MONO,,0.2464,0.02618,-0.01820,0.07056,Heterogeneous Compound Symmetry
Xanomeline High Dose,81,WEEK 6,7,Xanomeline Low Dose,54,Monocytes (GI/L),MONO,,0.8247,0.005160,-0.04067,0.05099,Heterogeneous Compound Symmetry
Placebo,0,WEEK 6,7,Xanomeline High Dose,81,Monocytes (GI/L),MONO,,0.3464,0.02102,-0.02287,0.06490,Heterogeneous Compound Symmetry
Xanomeline High Dose,81,UNSCHEDULED 7.1,7.1,Xanomeline Low Dose,54,Monocytes (GI/L),MONO,,<.0001,0.2701,0.2547,0.2854,Heterogeneous Compound Symmetry
Placebo,0,WEEK 8,8,Xanomeline Low Dose,54,Monocytes (GI/L),MONO,,0.2498,0.02403,-0.01700,0.06507,Heterogeneous Compound Symmetry
Xanomeline High Dose,81,WEEK 8,8,Xanomeline Low Dose,54,Monocytes (GI/L),MONO,,0.7704,0.006411,-0.03682,0.04965,Heterogeneous Compound Symmetry
Placebo,0,WEEK 8,8,Xanomeline High Dose,81,Monocytes (GI/L),MONO,,0.4000,0.01762,-0.02355,0.05880,Heterogeneous Compound Symmetry
Placebo,0,UNSCHEDULED 8.2,8.2,Xanomeline Low Dose,54,Monocytes (GI/L),MONO,,<.0001,-0.3161,-0.3419,-0.2903,Heterogeneous Compound Symmetry
Placebo,0,WEEK 12,9,Xanomeline Low Dose,54,Monocytes (GI/L),MONO,,0.3937,0.01808,-0.02360,0.05976,Heterogeneous Compound Symmetry
Xanomeline High Dose,81,WEEK 12,9,Xanomeline Low Dose,54,Monocytes (GI/L),MONO,,0.1663,0.03109,-0.01302,0.07520,Heterogeneous Compound Symmetry
Placebo,0,WEEK 12,9,Xanomeline High Dose,81,Monocytes (GI/L),MONO,,0.5372,-0.01301,-0.05450,0.02847,Heterogeneous Compound Symmetry
Placebo,0,UNSCHEDULED 9.2,9.2,Xanomeline High Dose,81,Monocytes (GI/L),MONO,,0.9622,-0.00354,-0.1508,0.1437,Heterogeneous Compound Symmetry
Placebo,0,WEEK 16,10,Xanomeline Low Dose,54,Monocytes (GI/L),MONO,,0.6782,0.01132,-0.04236,0.06500,Heterogeneous Compound Symmetry
Xanomeline High Dose,81,WEEK 16,10,Xanomeline Low Dose,54,Monocytes (GI/L),MONO,,0.5745,0.01720,-0.04305,0.07744,Heterogeneous Compound Symmetry
Placebo,0,WEEK 16,10,Xanomeline High Dose,81,Monocytes (GI/L),MONO,,0.8328,-0.00587,-0.06063,0.04888,Heterogeneous Compound Symmetry
Placebo,0,WEEK 20,11,Xanomeline Low Dose,54,Monocytes (GI/L),MONO,,0.5750,-0.01600,-0.07213,0.04013,Heterogeneous Compound Symmetry
Xanomeline High Dose,81,WEEK 20,11,Xanomeline Low Dose,54,Monocytes (GI/L),MONO,,0.7178,-0.01167,-0.07519,0.05186,Heterogeneous Compound Symmetry
Placebo,0,WEEK 20,11,Xanomeline High Dose,81,Monocytes (GI/L),MONO,,0.8771,-0.00433,-0.05948,0.05082,Heterogeneous Compound Symmetry
Placebo,0,WEEK 24,12,Xanomeline Low Dose,54,Monocytes (GI/L),MONO,,0.8781,-0.00497,-0.06875,0.05881,Heterogeneous Compound Symmetry
Xanomeline High Dose,81,WEEK 24,12,Xanomeline Low Dose,54,Monocytes (GI/L),MONO,,0.5767,0.02023,-0.05107,0.09154,Heterogeneous Compound Symmetry
Placebo,0,WEEK 24,12,Xanomeline High Dose,81,Monocytes (GI/L),MONO,,0.4131,-0.02520,-0.08577,0.03536,Heterogeneous Compound Symmetry
Placebo,0,UNSCHEDULED 12.1,12.1,Xanomeline Low Dose,54,Monocytes (GI/L),MONO,,0.3250,-0.01181,-0.03540,0.01178,Heterogeneous Compound Symmetry
Placebo,0,WEEK 26,13,Xanomeline Low Dose,54,Monocytes (GI/L),MONO,,0.6126,-0.01334,-0.06515,0.03848,Heterogeneous Compound Symmetry
Xanomeline High Dose,81,WEEK 26,13,Xanomeline Low Dose,54,Monocytes (GI/L),MONO,,0.5343,-0.01866,-0.07770,0.04039,Heterogeneous Compound Symmetry
Placebo,0,WEEK 26,13,Xanomeline High Dose,81,Monocytes (GI/L),MONO,,0.8364,0.005318,-0.04535,0.05598,Heterogeneous Compound Symmetry
Placebo,0,UNSCHEDULED 1.1,1.1,Xanomeline Low Dose,54,Monocytes (GI/L),MONO,,0.5940,-0.03141,-0.1473,0.08452,Toeplitz
Xanomeline High Dose,81,UNSCHEDULED 1.1,1.1,Xanomeline Low Dose,54,Monocytes (GI/L),MONO,,0.9217,0.005821,-0.1108,0.1224,Toeplitz
Placebo,0,UNSCHEDULED 1.1,1.1,Xanomeline High Dose,81,Monocytes (GI/L),MONO,,0.5277,-0.03723,-0.1532,0.07874,Toeplitz
Xanomeline High Dose,81,UNSCHEDULED 1.2,1.2,Xanomeline Low Dose,54,Monocytes (GI/L),MONO,,0.3296,0.1228,-0.1248,0.3703,Toeplitz
Placebo,0,WEEK 2,4,Xanomeline Low Dose,54,Monocytes (GI/L),MONO,,0.0927,0.02895,-0.00483,0.06273,Toeplitz
Xanomeline High Dose,81,WEEK 2,4,Xanomeline Low Dose,54,Monocytes (GI/L),MONO,,0.4961,0.01187,-0.02244,0.04618,Toeplitz
Placebo,0,WEEK 2,4,Xanomeline High Dose,81,Monocytes (GI/L),MONO,,0.3200,0.01708,-0.01668,0.05084,Toeplitz
Placebo,0,UNSCHEDULED 4.1,4.1,Xanomeline Low Dose,54,Monocytes (GI/L),MONO,,0.4593,-0.1082,-0.3957,0.1793,Toeplitz
Placebo,0,WEEK 4,5,Xanomeline Low Dose,54,Monocytes (GI/L),MONO,,0.4252,0.01425,-0.02089,0.04939,Toeplitz
Xanomeline High Dose,81,WEEK 4,5,Xanomeline Low Dose,54,Monocytes (GI/L),MONO,,0.6575,0.008152,-0.02803,0.04433,Toeplitz
Placebo,0,WEEK 4,5,Xanomeline High Dose,81,Monocytes (GI/L),MONO,,0.7323,0.006097,-0.02898,0.04117,Toeplitz
Placebo,0,UNSCHEDULED 5.1,5.1,Xanomeline Low Dose,54,Monocytes (GI/L),MONO,,0.6008,0.07504,-0.2071,0.3572,Toeplitz
Placebo,0,WEEK 6,7,Xanomeline Low Dose,54,Monocytes (GI/L),MONO,,0.2160,0.02338,-0.01375,0.06051,Toeplitz
Xanomeline High Dose,81,WEEK 6,7,Xanomeline Low Dose,54,Monocytes (GI/L),MONO,,0.9579,0.001032,-0.03739,0.03946,Toeplitz
Placebo,0,WEEK 6,7,Xanomeline High Dose,81,Monocytes (GI/L),MONO,,0.2305,0.02235,-0.01428,0.05898,Toeplitz
Xanomeline High Dose,81,UNSCHEDULED 7.1,7.1,Xanomeline Low Dose,54,Monocytes (GI/L),MONO,,0.2787,0.1320,-0.1075,0.3714,Toeplitz
Placebo,0,WEEK 8,8,Xanomeline Low Dose,54,Monocytes (GI/L),MONO,,0.2589,0.02174,-0.01610,0.05958,Toeplitz
Xanomeline High Dose,81,WEEK 8,8,Xanomeline Low Dose,54,Monocytes (GI/L),MONO,,0.8580,0.003646,-0.03645,0.04375,Toeplitz
Placebo,0,WEEK 8,8,Xanomeline High Dose,81,Monocytes (GI/L),MONO,,0.3488,0.01809,-0.01987,0.05606,Toeplitz
Placebo,0,UNSCHEDULED 8.2,8.2,Xanomeline Low Dose,54,Monocytes (GI/L),MONO,,0.0747,-0.2223,-0.4670,0.02235,Toeplitz
Placebo,0,WEEK 12,9,Xanomeline Low Dose,54,Monocytes (GI/L),MONO,,0.5190,0.01315,-0.02696,0.05327,Toeplitz
Xanomeline High Dose,81,WEEK 12,9,Xanomeline Low Dose,54,Monocytes (GI/L),MONO,,0.1747,0.02954,-0.01320,0.07228,Toeplitz
Placebo,0,WEEK 12,9,Xanomeline High Dose,81,Monocytes (GI/L),MONO,,0.4193,-0.01639,-0.05628,0.02351,Toeplitz
Placebo,0,UNSCHEDULED 9.2,9.2,Xanomeline High Dose,81,Monocytes (GI/L),MONO,,0.8285,0.02625,-0.2122,0.2647,Toeplitz
Placebo,0,WEEK 16,10,Xanomeline Low Dose,54,Monocytes (GI/L),MONO,,0.8730,0.003448,-0.03899,0.04588,Toeplitz
Xanomeline High Dose,81,WEEK 16,10,Xanomeline Low Dose,54,Monocytes (GI/L),MONO,,0.6343,0.01171,-0.03672,0.06014,Toeplitz
Placebo,0,WEEK 16,10,Xanomeline High Dose,81,Monocytes (GI/L),MONO,,0.7085,-0.00826,-0.05174,0.03522,Toeplitz
Placebo,0,WEEK 20,11,Xanomeline Low Dose,54,Monocytes (GI/L),MONO,,0.3488,-0.02220,-0.06878,0.02438,Toeplitz
Xanomeline High Dose,81,WEEK 20,11,Xanomeline Low Dose,54,Monocytes (GI/L),MONO,,0.6544,-0.01216,-0.06562,0.04129,Toeplitz
Placebo,0,WEEK 20,11,Xanomeline High Dose,81,Monocytes (GI/L),MONO,,0.6653,-0.01004,-0.05570,0.03562,Toeplitz
Placebo,0,WEEK 24,12,Xanomeline Low Dose,54,Monocytes (GI/L),MONO,,0.4608,-0.01902,-0.06973,0.03170,Toeplitz
Xanomeline High Dose,81,WEEK 24,12,Xanomeline Low Dose,54,Monocytes (GI/L),MONO,,0.6039,0.01514,-0.04229,0.07258,Toeplitz
Placebo,0,WEEK 24,12,Xanomeline High Dose,81,Monocytes (GI/L),MONO,,0.1609,-0.03416,-0.08201,0.01368,Toeplitz
Placebo,0,UNSCHEDULED 12.1,12.1,Xanomeline Low Dose,54,Monocytes (GI/L),MONO,,0.6390,0.06675,-0.2132,0.3467,Toeplitz
Placebo,0,WEEK 26,13,Xanomeline Low Dose,54,Monocytes (GI/L),MONO,,0.3095,-0.02613,-0.07666,0.02441,Toeplitz
Xanomeline High Dose,81,WEEK 26,13,Xanomeline Low Dose,54,Monocytes (GI/L),MONO,,0.5015,-0.01996,-0.07836,0.03844,Toeplitz
Placebo,0,WEEK 26,13,Xanomeline High Dose,81,Monocytes (GI/L),MONO,,0.8055,-0.00617,-0.05547,0.04313,Toeplitz
,,,,,,Monocytes (GI/L),MONO,Did not converge or Unable to make Hessian positive definite,,,,,Unstructured
,,,,,,Platelet (GI/L),PLAT,Did not converge or Unable to make Hessian positive definite,,,,,Compound Symmetry
,,,,,,Platelet (GI/L),PLAT,Did not converge or Unable to make Hessian positive definite,,,,,First Order Autoregressive
Placebo,0,UNSCHEDULED 1.1,1.1,Xanomeline Low Dose,54,Platelet (GI/L),PLAT,,0.0167,-42.4542,-77.1525,-7.7559,Toeplitz
Xanomeline High Dose,81,UNSCHEDULED 1.1,1.1,Xanomeline Low Dose,54,Platelet (GI/L),PLAT,,0.5061,-11.7928,-46.6753,23.0897,Toeplitz
Placebo,0,UNSCHEDULED 1.1,1.1,Xanomeline High Dose,81,Platelet (GI/L),PLAT,,0.0550,-30.6614,-61.9894,0.6667,Toeplitz
Xanomeline High Dose,81,UNSCHEDULED 1.2,1.2,Xanomeline Low Dose,54,Platelet (GI/L),PLAT,,0.5164,22.0922,-44.8749,89.0593,Toeplitz
Placebo,0,WEEK 2,4,Xanomeline Low Dose,54,Platelet (GI/L),PLAT,,0.0446,9.8101,0.2368,19.3833,Toeplitz
Xanomeline High Dose,81,WEEK 2,4,Xanomeline Low Dose,54,Platelet (GI/L),PLAT,,0.6298,2.3745,-7.3173,12.0663,Toeplitz
Placebo,0,WEEK 2,4,Xanomeline High Dose,81,Platelet (GI/L),PLAT,,0.1250,7.4356,-2.0799,16.9510,Toeplitz
Placebo,0,WEEK 4,5,Xanomeline Low Dose,54,Platelet (GI/L),PLAT,,0.1156,7.9262,-1.9612,17.8135,Toeplitz
Xanomeline High Dose,81,WEEK 4,5,Xanomeline Low Dose,54,Platelet (GI/L),PLAT,,0.5290,-3.2426,-13.3737,6.8885,Toeplitz
Placebo,0,WEEK 4,5,Xanomeline High Dose,81,Platelet (GI/L),PLAT,,0.0266,11.1688,1.3045,21.0331,Toeplitz
Placebo,0,UNSCHEDULED 5.1,5.1,Xanomeline Low Dose,54,Platelet (GI/L),PLAT,,0.4584,29.3123,-48.4405,107.07,Toeplitz
Placebo,0,WEEK 6,7,Xanomeline Low Dose,54,Platelet (GI/L),PLAT,,0.9556,-0.2915,-10.6048,10.0217,Toeplitz
Xanomeline High Dose,81,WEEK 6,7,Xanomeline Low Dose,54,Platelet (GI/L),PLAT,,0.2617,-6.0730,-16.7068,4.5609,Toeplitz
Placebo,0,WEEK 6,7,Xanomeline High Dose,81,Platelet (GI/L),PLAT,,0.2641,5.7814,-4.3924,15.9552,Toeplitz
Xanomeline High Dose,81,UNSCHEDULED 7.1,7.1,Xanomeline Low Dose,54,Platelet (GI/L),PLAT,,0.9612,1.5681,-61.8665,65.0026,Toeplitz
Placebo,0,WEEK 8,8,Xanomeline Low Dose,54,Platelet (GI/L),PLAT,,0.3140,5.3487,-5.0943,15.7918,Toeplitz
Xanomeline High Dose,81,WEEK 8,8,Xanomeline Low Dose,54,Platelet (GI/L),PLAT,,0.5689,-3.1845,-14.1804,7.8114,Toeplitz
Placebo,0,WEEK 8,8,Xanomeline High Dose,81,Platelet (GI/L),PLAT,,0.1103,8.5332,-1.9559,19.0223,Toeplitz
Placebo,0,UNSCHEDULED 8.2,8.2,Xanomeline Low Dose,54,Platelet (GI/L),PLAT,,0.4185,26.5252,-37.9521,91.0026,Toeplitz
Placebo,0,WEEK 12,9,Xanomeline Low Dose,54,Platelet (GI/L),PLAT,,0.3830,4.8931,-6.1364,15.9225,Toeplitz
Xanomeline High Dose,81,WEEK 12,9,Xanomeline Low Dose,54,Platelet (GI/L),PLAT,,0.1854,-7.8661,-19.5327,3.8005,Toeplitz
Placebo,0,WEEK 12,9,Xanomeline High Dose,81,Platelet (GI/L),PLAT,,0.0231,12.7592,1.7696,23.7488,Toeplitz
Placebo,0,UNSCHEDULED 9.2,9.2,Xanomeline High Dose,81,Platelet (GI/L),PLAT,,0.9319,2.6939,-59.3028,64.6907,Toeplitz
Placebo,0,WEEK 16,10,Xanomeline Low Dose,54,Platelet (GI/L),PLAT,,0.0841,10.2418,-1.3902,21.8739,Toeplitz
Xanomeline High Dose,81,WEEK 16,10,Xanomeline Low Dose,54,Platelet (GI/L),PLAT,,0.9575,-0.3513,-13.3370,12.6343,Toeplitz
Placebo,0,WEEK 16,10,Xanomeline High Dose,81,Platelet (GI/L),PLAT,,0.0763,10.5932,-1.1280,22.3143,Toeplitz
Placebo,0,WEEK 20,11,Xanomeline Low Dose,54,Platelet (GI/L),PLAT,,0.3852,5.7563,-7.2787,18.7913,Toeplitz
Xanomeline High Dose,81,WEEK 20,11,Xanomeline Low Dose,54,Platelet (GI/L),PLAT,,0.7255,2.6613,-12.2523,17.5750,Toeplitz
Placebo,0,WEEK 20,11,Xanomeline High Dose,81,Platelet (GI/L),PLAT,,0.6333,3.0949,-9.6687,15.8585,Toeplitz
Placebo,0,WEEK 24,12,Xanomeline Low Dose,54,Platelet (GI/L),PLAT,,0.6799,2.8777,-10.8470,16.6024,Toeplitz
Xanomeline High Dose,81,WEEK 24,12,Xanomeline Low Dose,54,Platelet (GI/L),PLAT,,0.3432,-7.4047,-22.7643,7.9548,Toeplitz
Placebo,0,WEEK 24,12,Xanomeline High Dose,81,Platelet (GI/L),PLAT,,0.1174,10.2824,-2.6062,23.1710,Toeplitz
Placebo,0,UNSCHEDULED 12.1,12.1,Xanomeline Low Dose,54,Platelet (GI/L),PLAT,,0.7545,10.7954,-57.1225,78.7133,Toeplitz
Placebo,0,WEEK 26,13,Xanomeline Low Dose,54,Platelet (GI/L),PLAT,,0.3670,-6.3276,-20.1187,7.4634,Toeplitz
Xanomeline High Dose,81,WEEK 26,13,Xanomeline Low Dose,54,Platelet (GI/L),PLAT,,0.5039,-5.3330,-21.0271,10.3611,Toeplitz
Placebo,0,WEEK 26,13,Xanomeline High Dose,81,Platelet (GI/L),PLAT,,0.8833,-0.9947,-14.3323,12.3430,Toeplitz
,,,,,,Platelet (GI/L),PLAT,Did not converge or Unable to make Hessian positive definite,,,,,Unstructured
,,,,,,Poikilocytes,POIKILO,Did not converge or Unable to make Hessian positive definite,,,,,Compound Symmetry
,,,,,,Poikilocytes,POIKILO,Did not converge or Unable to make Hessian positive definite,,,,,First Order Autoregressive
,,,,,,Poikilocytes,POIKILO,Did not converge or Unable to make Hessian positive definite,,,,,Unstructured
,,,,,,Polychromasia,POLYCHR,Did not converge or Unable to make Hessian positive definite,,,,,Compound Symmetry
,,,,,,Polychromasia,POLYCHR,Did not converge or Unable to make Hessian positive definite,,,,,First Order Autoregressive
,,,,,,Polychromasia,POLYCHR,Did not converge or Unable to make Hessian positive definite,,,,,Unstructured
,,,,,,Erythrocytes (TI/L),RBC,Did not converge or Unable to make Hessian positive definite,,,,,Compound Symmetry
,,,,,,Erythrocytes (TI/L),RBC,Did not converge or Unable to make Hessian positive definite,,,,,First Order Autoregressive
,,,,,,Erythrocytes (TI/L),RBC,Did not converge or Unable to make Hessian positive definite,,,,,Unstructured
,,,,,,Leukocytes (GI/L),WBC,Did not converge or Unable to make Hessian positive definite,,,,,Compound Symmetry
,,,,,,Leukocytes (GI/L),WBC,Did not converge or Unable to make Hessian positive definite,,,,,First Order Autoregressive
Placebo,0,UNSCHEDULED 1.1,1.1,Xanomeline Low Dose,54,Leukocytes (GI/L),WBC,,0.5661,0.3247,-0.7885,1.4378,Toeplitz
Xanomeline High Dose,81,UNSCHEDULED 1.1,1.1,Xanomeline Low Dose,54,Leukocytes (GI/L),WBC,,0.7575,0.1757,-0.9440,1.2954,Toeplitz
Placebo,0,UNSCHEDULED 1.1,1.1,Xanomeline High Dose,81,Leukocytes (GI/L),WBC,,0.7928,0.1490,-0.9666,1.2646,Toeplitz
Xanomeline High Dose,81,UNSCHEDULED 1.2,1.2,Xanomeline Low Dose,54,Leukocytes (GI/L),WBC,,0.1657,1.6418,-0.6844,3.9681,Toeplitz
Placebo,0,WEEK 2,4,Xanomeline Low Dose,54,Leukocytes (GI/L),WBC,,0.0014,0.5273,0.2057,0.8489,Toeplitz
Xanomeline High Dose,81,WEEK 2,4,Xanomeline Low Dose,54,Leukocytes (GI/L),WBC,,0.0563,0.3180,-0.00854,0.6445,Toeplitz
Placebo,0,WEEK 2,4,Xanomeline High Dose,81,Leukocytes (GI/L),WBC,,0.2016,0.2093,-0.1127,0.5312,Toeplitz
Placebo,0,UNSCHEDULED 4.1,4.1,Xanomeline Low Dose,54,Leukocytes (GI/L),WBC,,0.6826,-0.5642,-3.2789,2.1505,Toeplitz
Placebo,0,WEEK 4,5,Xanomeline Low Dose,54,Leukocytes (GI/L),WBC,,0.0066,0.4646,0.1308,0.7984,Toeplitz
Xanomeline High Dose,81,WEEK 4,5,Xanomeline Low Dose,54,Leukocytes (GI/L),WBC,,0.8270,0.03818,-0.3056,0.3820,Toeplitz
Placebo,0,WEEK 4,5,Xanomeline High Dose,81,Leukocytes (GI/L),WBC,,0.0126,0.4264,0.09232,0.7604,Toeplitz
Placebo,0,UNSCHEDULED 5.1,5.1,Xanomeline Low Dose,54,Leukocytes (GI/L),WBC,,0.6583,0.6161,-2.1249,3.3570,Toeplitz
Placebo,0,WEEK 6,7,Xanomeline Low Dose,54,Leukocytes (GI/L),WBC,,0.0056,0.5016,0.1484,0.8549,Toeplitz
Xanomeline High Dose,81,WEEK 6,7,Xanomeline Low Dose,54,Leukocytes (GI/L),WBC,,0.2081,-0.2334,-0.5978,0.1309,Toeplitz
Placebo,0,WEEK 6,7,Xanomeline High Dose,81,Leukocytes (GI/L),WBC,,<.0001,0.7351,0.3873,1.0828,Toeplitz
Xanomeline High Dose,81,UNSCHEDULED 7.1,7.1,Xanomeline Low Dose,54,Leukocytes (GI/L),WBC,,0.4296,0.9346,-1.3924,3.2616,Toeplitz
Placebo,0,WEEK 8,8,Xanomeline Low Dose,54,Leukocytes (GI/L),WBC,,0.0005,0.6498,0.2894,1.0101,Toeplitz
Xanomeline High Dose,81,WEEK 8,8,Xanomeline Low Dose,54,Leukocytes (GI/L),WBC,,0.7624,-0.05872,-0.4409,0.3235,Toeplitz
Placebo,0,WEEK 8,8,Xanomeline High Dose,81,Leukocytes (GI/L),WBC,,0.0001,0.7085,0.3463,1.0706,Toeplitz
Placebo,0,UNSCHEDULED 8.2,8.2,Xanomeline Low Dose,54,Leukocytes (GI/L),WBC,,0.1461,-1.7410,-4.0930,0.6110,Toeplitz
Placebo,0,WEEK 12,9,Xanomeline Low Dose,54,Leukocytes (GI/L),WBC,,0.0026,0.5899,0.2076,0.9722,Toeplitz
Xanomeline High Dose,81,WEEK 12,9,Xanomeline Low Dose,54,Leukocytes (GI/L),WBC,,0.5658,0.1190,-0.2886,0.5265,Toeplitz
Placebo,0,WEEK 12,9,Xanomeline High Dose,81,Leukocytes (GI/L),WBC,,0.0155,0.4709,0.09039,0.8514,Toeplitz
Placebo,0,UNSCHEDULED 9.2,9.2,Xanomeline High Dose,81,Leukocytes (GI/L),WBC,,0.9677,0.04717,-2.2418,2.3362,Toeplitz
Placebo,0,WEEK 16,10,Xanomeline Low Dose,54,Leukocytes (GI/L),WBC,,0.0236,0.4675,0.06328,0.8718,Toeplitz
Xanomeline High Dose,81,WEEK 16,10,Xanomeline Low Dose,54,Leukocytes (GI/L),WBC,,0.7325,0.08010,-0.3810,0.5412,Toeplitz
Placebo,0,WEEK 16,10,Xanomeline High Dose,81,Leukocytes (GI/L),WBC,,0.0664,0.3874,-0.02647,0.8013,Toeplitz
Placebo,0,WEEK 20,11,Xanomeline Low Dose,54,Leukocytes (GI/L),WBC,,0.0978,0.3762,-0.06970,0.8222,Toeplitz
Xanomeline High Dose,81,WEEK 20,11,Xanomeline Low Dose,54,Leukocytes (GI/L),WBC,,0.8178,0.05999,-0.4525,0.5725,Toeplitz
Placebo,0,WEEK 20,11,Xanomeline High Dose,81,Leukocytes (GI/L),WBC,,0.1552,0.3162,-0.1206,0.7531,Toeplitz
Placebo,0,WEEK 24,12,Xanomeline Low Dose,54,Leukocytes (GI/L),WBC,,0.5860,0.1335,-0.3487,0.6157,Toeplitz
Xanomeline High Dose,81,WEEK 24,12,Xanomeline Low Dose,54,Leukocytes (GI/L),WBC,,0.8859,-0.03983,-0.5861,0.5064,Toeplitz
Placebo,0,WEEK 24,12,Xanomeline High Dose,81,Leukocytes (GI/L),WBC,,0.4539,0.1733,-0.2819,0.6286,Toeplitz
Placebo,0,UNSCHEDULED 12.1,12.1,Xanomeline Low Dose,54,Leukocytes (GI/L),WBC,,0.3908,1.1458,-1.4795,3.7712,Toeplitz
Placebo,0,WEEK 26,13,Xanomeline Low Dose,54,Leukocytes (GI/L),WBC,,0.8861,0.03511,-0.4470,0.5172,Toeplitz
Xanomeline High Dose,81,WEEK 26,13,Xanomeline Low Dose,54,Leukocytes (GI/L),WBC,,0.3553,-0.2617,-0.8184,0.2950,Toeplitz
Placebo,0,WEEK 26,13,Xanomeline High Dose,81,Leukocytes (GI/L),WBC,,0.2142,0.2968,-0.1727,0.7663,Toeplitz
,,,,,,Leukocytes (GI/L),WBC,Did not converge or Unable to make Hessian positive definite,,,,,Unstructured
